Datetime,OFITick,OFITick_log
1900-01-01 13:30:00.100,-6.0,-3.9896982778141297
1900-01-01 13:30:00.200,19.0,-5.909786525490706
1900-01-01 13:30:00.300,-260.0,-14.109895293767464
1900-01-01 13:30:00.400,95.0,15.367084227873962
1900-01-01 13:30:00.500,-189.0,-31.085652739228856
1900-01-01 13:30:00.600,14.0,5.76794774053614
1900-01-01 13:30:00.700,-104.0,-3.013484219012442
1900-01-01 13:30:00.800,34.0,3.9469900553250032
1900-01-01 13:30:00.900,9.0,-5.724400735342476
1900-01-01 13:30:01.000,0.0,0.0
1900-01-01 13:30:01.100,-68.0,0.2731735433904183
1900-01-01 13:30:01.200,-7.0,-0.3067302674224756
1900-01-01 13:30:01.300,-2.0,-0.0194180858571018
1900-01-01 13:30:01.400,0.0,0.4111415661129696
1900-01-01 13:30:01.500,37.0,-0.1839595587981928
1900-01-01 13:30:01.600,31.0,0.7651577165362182
1900-01-01 13:30:01.700,-55.0,-7.965545573129991
1900-01-01 13:30:01.800,0.0,8.068402958569699
1900-01-01 13:30:01.900,9.0,0.3089322492742052
1900-01-01 13:30:02.000,0.0,0.0
1900-01-01 13:30:02.100,-59.0,5.833602569705302
1900-01-01 13:30:02.200,66.0,1.119231575870845
1900-01-01 13:30:02.300,0.0,0.2204027037829825
1900-01-01 13:30:02.400,0.0,0.3334072807855932
1900-01-01 13:30:02.500,0.0,-8.211818486285388
1900-01-01 13:30:02.600,-130.0,8.385523729545993
1900-01-01 13:30:02.700,0.0,-0.1390529738945582
1900-01-01 13:30:02.800,0.0,-0.0243914531241582
1900-01-01 13:30:02.900,0.0,-8.021161702369824
1900-01-01 13:30:03.000,0.0,0.0
1900-01-01 13:30:03.100,-75.0,-8.847688417571586
1900-01-01 13:30:03.200,48.0,-8.192715399643392
1900-01-01 13:30:03.300,5.0,0.4244170335240311
1900-01-01 13:30:03.400,-163.0,5.014549193417391
1900-01-01 13:30:03.500,-146.0,-4.870223140379512
1900-01-01 13:30:03.600,-32.0,0.3767156948221783
1900-01-01 13:30:03.700,4.0,-0.3979179024727814
1900-01-01 13:30:03.800,0.0,-3.2544268091325206
1900-01-01 13:30:03.900,-90.0,0.4561956562794016
1900-01-01 13:30:04.000,0.0,0.0
1900-01-01 13:30:04.100,-26.0,-11.116276381266507
1900-01-01 13:30:04.200,0.0,3.4756599008857143
1900-01-01 13:30:04.300,-60.0,-7.866581492845047
1900-01-01 13:30:04.400,0.0,6.8501261661455
1900-01-01 13:30:04.500,42.0,-7.573873787154163
1900-01-01 13:30:04.600,-58.0,0.9023044898994148
1900-01-01 13:30:04.700,-9.0,-0.0449562936587097
1900-01-01 13:30:04.800,-31.0,-8.130888793389527
1900-01-01 13:30:04.900,-62.0,-0.5322186492007419
1900-01-01 13:30:05.000,0.0,0.9705867599181092
1900-01-01 13:30:05.100,148.0,-7.958833281202817
1900-01-01 13:30:05.200,-34.0,6.44344967085104
1900-01-01 13:30:05.300,0.0,0.0
1900-01-01 13:30:05.400,0.0,0.0
1900-01-01 13:30:05.500,19.0,-1.128959445057402
1900-01-01 13:30:05.600,0.0,-0.1251631429540061
1900-01-01 13:30:05.700,28.0,0.1545770281603
1900-01-01 13:30:05.800,40.0,8.614403859157685
1900-01-01 13:30:05.900,-123.0,-0.4216797742477283
1900-01-01 13:30:06.000,0.0,0.0
1900-01-01 13:30:06.100,20.0,8.576135727049687
1900-01-01 13:30:06.200,-35.0,-7.051637018025689
1900-01-01 13:30:06.300,-29.0,-0.2467422452668648
1900-01-01 13:30:06.400,0.0,0.0
1900-01-01 13:30:06.500,0.0,-7.354805167538464
1900-01-01 13:30:06.600,0.0,-0.6110822275056416
1900-01-01 13:30:06.700,17.0,-0.6451379613735853
1900-01-01 13:30:06.800,-22.0,6.77013390110609
1900-01-01 13:30:06.900,0.0,1.163150809805681
1900-01-01 13:30:07.000,0.0,0.0
1900-01-01 13:30:07.100,169.0,-6.48528932919395
1900-01-01 13:30:07.200,11.0,0.5476395968887058
1900-01-01 13:30:07.300,0.0,2.172531964745848
1900-01-01 13:30:07.400,0.0,0.0
1900-01-01 13:30:07.500,0.0,-3.749645809330084
1900-01-01 13:30:07.600,0.0,-0.0521266951460441
1900-01-01 13:30:07.700,80.0,-0.3413622219154049
1900-01-01 13:30:07.800,0.0,0.0
1900-01-01 13:30:07.900,0.0,7.639642287858013
1900-01-01 13:30:08.000,0.0,0.0
1900-01-01 13:30:08.100,0.0,-7.325148957955575
1900-01-01 13:30:08.200,16.0,-0.4894347793987696
1900-01-01 13:30:08.300,-1.0,-0.0615578929994331
1900-01-01 13:30:08.400,1.0,-0.0592668483559757
1900-01-01 13:30:08.500,-25.0,0.1271434784159479
1900-01-01 13:30:08.600,0.0,0.0
1900-01-01 13:30:08.700,0.0,0.0
1900-01-01 13:30:08.800,-8.0,0.5975520598789243
1900-01-01 13:30:08.900,-141.0,7.349763218531922
1900-01-01 13:30:09.000,0.0,0.0
1900-01-01 13:30:09.100,0.0,0.8989733082140088
1900-01-01 13:30:09.200,0.0,0.0
1900-01-01 13:30:09.300,0.0,0.0
1900-01-01 13:30:09.400,-83.0,6.663881083690543
1900-01-01 13:30:09.500,0.0,0.5003089787410646
1900-01-01 13:30:09.600,-47.0,0.7339691750802002
1900-01-01 13:30:09.700,-41.0,0.2464004134784763
1900-01-01 13:30:09.800,0.0,-0.1576049146953462
1900-01-01 13:30:09.900,60.0,-0.0628200123798699
1900-01-01 13:30:10.000,-20.0,-0.4588395686995401
1900-01-01 13:30:10.100,4.0,-2.5739180274442965
1900-01-01 13:30:10.200,89.0,-10.832453979557105
1900-01-01 13:30:10.300,-20.0,1.2835346271621213
1900-01-01 13:30:10.400,0.0,4.276666119016055
1900-01-01 13:30:10.500,0.0,-13.468747182804533
1900-01-01 13:30:10.600,8.0,-0.9343092373768336
1900-01-01 13:30:10.700,-34.0,-3.950039411266701
1900-01-01 13:30:10.800,15.0,0.829131524298107
1900-01-01 13:30:10.900,109.0,2.828316242675613
1900-01-01 13:30:11.000,0.0,0.0
1900-01-01 13:30:11.100,0.0,3.917888124880544
1900-01-01 13:30:11.200,79.0,-2.46399229363913
1900-01-01 13:30:11.300,0.0,0.0
1900-01-01 13:30:11.400,0.0,-4.929118436424266
1900-01-01 13:30:11.500,68.0,2.525728644308256
1900-01-01 13:30:11.600,-37.0,2.995732273553991
1900-01-01 13:30:11.700,-23.0,4.068592632242714
1900-01-01 13:30:11.800,0.0,5.475865644589334
1900-01-01 13:30:11.900,0.0,0.0
1900-01-01 13:30:12.000,0.0,0.0
1900-01-01 13:30:12.100,-125.0,7.672586443577367
1900-01-01 13:30:12.200,14.0,-5.402307080072084
1900-01-01 13:30:12.300,-144.0,-9.133661790944444
1900-01-01 13:30:12.400,27.0,1.2506818022915436
1900-01-01 13:30:12.500,-3.0,-0.6333071802039285
1900-01-01 13:30:12.600,7.0,-0.4498009219282162
1900-01-01 13:30:12.700,19.0,-0.2972515234679318
1900-01-01 13:30:12.800,1.0,-0.2825669717850099
1900-01-01 13:30:12.900,1.0,7.878534196140361
1900-01-01 13:30:13.000,0.0,0.0
1900-01-01 13:30:13.100,100.0,-4.207046484738294
1900-01-01 13:30:13.200,0.0,0.0
1900-01-01 13:30:13.300,135.0,-10.845913758014907
1900-01-01 13:30:13.400,0.0,0.333543252039262
1900-01-01 13:30:13.500,0.0,7.022868086082641
1900-01-01 13:30:13.600,0.0,0.0
1900-01-01 13:30:13.700,-26.0,0.0870113769896296
1900-01-01 13:30:13.800,0.0,0.0
1900-01-01 13:30:13.900,266.0,-7.02599062612336
1900-01-01 13:30:14.000,0.0,0.0
1900-01-01 13:30:14.100,0.0,-0.1071770465842236
1900-01-01 13:30:14.200,198.0,2.1808579451669976
1900-01-01 13:30:14.300,0.0,0.0
1900-01-01 13:30:14.400,0.0,3.828641396489095
1900-01-01 13:30:14.500,-9.0,4.371097564141691
1900-01-01 13:30:14.600,98.0,10.726941754937496
1900-01-01 13:30:14.700,0.0,0.0
1900-01-01 13:30:14.800,0.0,0.6931471805599454
1900-01-01 13:30:14.900,0.0,0.0
1900-01-01 13:30:15.000,0.0,0.0
1900-01-01 13:30:15.100,0.0,8.68490859582083
1900-01-01 13:30:15.200,0.0,-5.229481460197918
1900-01-01 13:30:15.300,0.0,-2.280112237141988
1900-01-01 13:30:15.400,108.0,8.413998350670909
1900-01-01 13:30:15.500,0.0,0.0
1900-01-01 13:30:15.600,-187.0,-1.1636320803692328
1900-01-01 13:30:15.700,-151.0,9.200163093081237
1900-01-01 13:30:15.800,-76.0,-3.913367234290928
1900-01-01 13:30:15.900,-78.0,-1.3421694341525532
1900-01-01 13:30:16.000,0.0,0.0
1900-01-01 13:30:16.100,34.0,-2.055343990100776
1900-01-01 13:30:16.200,0.0,0.0
1900-01-01 13:30:16.300,-118.0,1.3759901316731655
1900-01-01 13:30:16.400,-112.0,-7.296456313314264
1900-01-01 13:30:16.500,-18.0,-7.418180822726788
1900-01-01 13:30:16.600,0.0,6.222576268071369
1900-01-01 13:30:16.700,149.0,-13.789956035574807
1900-01-01 13:30:16.800,-24.0,0.6012096852342594
1900-01-01 13:30:16.900,28.0,5.575949103146317
1900-01-01 13:30:17.000,0.0,0.0
1900-01-01 13:30:17.100,-6.0,-6.899185328299071
1900-01-01 13:30:17.200,-8.0,-0.1757546906671461
1900-01-01 13:30:17.300,-125.0,-0.1321152960933287
1900-01-01 13:30:17.400,-59.0,-8.719775459911837
1900-01-01 13:30:17.500,-34.0,0.6643638711968491
1900-01-01 13:30:17.600,0.0,0.0
1900-01-01 13:30:17.700,0.0,0.0
1900-01-01 13:30:17.800,5.0,7.716831926549143
1900-01-01 13:30:17.900,0.0,0.027113235408561
1900-01-01 13:30:18.000,0.0,0.0
1900-01-01 13:30:18.100,0.0,0.0062640685316015
1900-01-01 13:30:18.200,-124.0,-8.337669667693744
1900-01-01 13:30:18.300,-103.0,10.361051284583144
1900-01-01 13:30:18.400,0.0,2.484906649788
1900-01-01 13:30:18.500,0.0,-2.079441541679836
1900-01-01 13:30:18.600,0.0,0.0
1900-01-01 13:30:18.700,0.0,0.0
1900-01-01 13:30:18.800,94.0,-4.243380141382588
1900-01-01 13:30:18.900,-36.0,-1.7519231820325598
1900-01-01 13:30:19.000,0.0,0.0
1900-01-01 13:30:19.100,10.0,-5.748733862518467
1900-01-01 13:30:19.200,99.0,-0.9015621065817698
1900-01-01 13:30:19.300,114.0,-0.1531932838709311
1900-01-01 13:30:19.400,287.0,-1.7799345333604126
1900-01-01 13:30:19.500,2.0,-1.0642628086534716
1900-01-01 13:30:19.600,-37.0,3.802794012992399
1900-01-01 13:30:19.700,-55.0,1.540445040947148
1900-01-01 13:30:19.800,93.0,5.158083481839697
1900-01-01 13:30:19.900,0.0,0.3719322880000826
1900-01-01 13:30:20.000,0.0,0.0
1900-01-01 13:30:20.100,95.0,9.467601047545395
1900-01-01 13:30:20.200,0.0,-0.0557780856739054
1900-01-01 13:30:20.300,0.0,0.1858364989013994
1900-01-01 13:30:20.400,0.0,0.7939364531776341
1900-01-01 13:30:20.500,28.0,7.89224973147679
1900-01-01 13:30:20.600,0.0,0.0
1900-01-01 13:30:20.700,20.0,-12.086444158074642
1900-01-01 13:30:20.800,0.0,0.0
1900-01-01 13:30:20.900,63.0,12.674872996947858
1900-01-01 13:30:21.000,0.0,0.0
1900-01-01 13:30:21.100,0.0,-6.269096283706261
1900-01-01 13:30:21.200,0.0,0.0
1900-01-01 13:30:21.300,0.0,0.0
1900-01-01 13:30:21.400,0.0,0.0
1900-01-01 13:30:21.500,0.0,0.0
1900-01-01 13:30:21.600,0.0,0.0
1900-01-01 13:30:21.700,56.0,-0.0793647307078009
1900-01-01 13:30:21.800,-52.0,-2.3055990372521897
1900-01-01 13:30:21.900,-185.0,11.407529393124731
1900-01-01 13:30:22.000,0.0,0.0
1900-01-01 13:30:22.100,-132.0,-5.213130855155159
1900-01-01 13:30:22.200,-115.0,6.2859105265341695
1900-01-01 13:30:22.300,35.0,3.679999393408625
1900-01-01 13:30:22.400,0.0,0.0
1900-01-01 13:30:22.500,-1.0,-5.582775068216715
1900-01-01 13:30:22.600,-16.0,8.665631936988593
1900-01-01 13:30:22.700,-8.0,-0.515164025364589
1900-01-01 13:30:22.800,4.0,0.7972874398125418
1900-01-01 13:30:22.900,-14.0,5.566680660663815
1900-01-01 13:30:23.000,0.0,0.0
1900-01-01 13:30:23.100,-8.0,-5.8522024797744745
1900-01-01 13:30:23.200,-1.0,-0.2162231084696362
1900-01-01 13:30:23.300,-4.0,0.0168071183163807
1900-01-01 13:30:23.400,-84.0,-7.311184417605201
1900-01-01 13:30:23.500,15.0,-1.2261651159202982
1900-01-01 13:30:23.600,-12.0,-7.044905117129372
1900-01-01 13:30:23.700,-15.0,0.9162907318741552
1900-01-01 13:30:23.800,-200.0,-6.593044534142436
1900-01-01 13:30:23.900,-5.0,2.368042309648689
1900-01-01 13:30:24.000,0.0,0.0
1900-01-01 13:30:24.100,15.0,-5.967945994203614
1900-01-01 13:30:24.200,0.0,-2.839728025077409
1900-01-01 13:30:24.300,-58.0,-4.043051267834549
1900-01-01 13:30:24.400,-168.0,0.1574615194745594
1900-01-01 13:30:24.500,-6.0,0.9662304535905736
1900-01-01 13:30:24.600,186.0,2.4709320767650973
1900-01-01 13:30:24.700,-157.0,2.3513752571634776
1900-01-01 13:30:24.800,22.0,-5.268180272127799
1900-01-01 13:30:24.900,0.0,5.564520407322694
1900-01-01 13:30:25.000,0.0,0.0
1900-01-01 13:30:25.100,0.0,0.0
1900-01-01 13:30:25.200,109.0,-4.917893242397641
1900-01-01 13:30:25.300,0.0,0.0
1900-01-01 13:30:25.400,10.0,0.2231435513142095
1900-01-01 13:30:25.500,0.0,0.0
1900-01-01 13:30:25.600,5.0,-2.903616984646185
1900-01-01 13:30:25.700,3.0,-0.0696424330557472
1900-01-01 13:30:25.800,13.0,-0.1690763300439339
1900-01-01 13:30:25.900,-63.0,0.9939013345790796
1900-01-01 13:30:26.000,0.0,0.0
1900-01-01 13:30:26.100,0.0,0.0
1900-01-01 13:30:26.200,0.0,0.4097904178741012
1900-01-01 13:30:26.300,0.0,-8.177137512224057
1900-01-01 13:30:26.400,369.0,-5.462418377228464
1900-01-01 13:30:26.500,-176.0,-1.6978276493938522
1900-01-01 13:30:26.600,94.0,-2.6741486494265283
1900-01-01 13:30:26.700,0.0,0.0
1900-01-01 13:30:26.800,0.0,0.0
1900-01-01 13:30:26.900,-6.0,-3.391535470750419
1900-01-01 13:30:27.000,0.0,0.0
1900-01-01 13:30:27.100,-18.0,7.812175838285805
1900-01-01 13:30:27.200,0.0,0.0
1900-01-01 13:30:27.300,-4.0,-2.164963715117998
1900-01-01 13:30:27.400,9.0,3.9729837052178327
1900-01-01 13:30:27.500,0.0,-2.4849066497880004
1900-01-01 13:30:27.600,0.0,0.0
1900-01-01 13:30:27.700,-16.0,0.6776429940239802
1900-01-01 13:30:27.800,0.0,0.0
1900-01-01 13:30:27.900,0.0,0.0
1900-01-01 13:30:28.000,0.0,0.0
1900-01-01 13:30:28.100,0.0,0.0
1900-01-01 13:30:28.200,0.0,0.0
1900-01-01 13:30:28.300,0.0,0.0
1900-01-01 13:30:28.400,9.0,1.3862943611198908
1900-01-01 13:30:28.500,34.0,-3.0126818318677646
1900-01-01 13:30:28.600,-5.0,6.318968113746434
1900-01-01 13:30:28.700,0.0,-0.0105918558717337
1900-01-01 13:30:28.800,0.0,0.0
1900-01-01 13:30:28.900,0.0,0.0
1900-01-01 13:30:29.000,0.0,0.0
1900-01-01 13:30:29.100,0.0,0.0
1900-01-01 13:30:29.200,-108.0,16.798822135109596
1900-01-01 13:30:29.300,-4.0,-4.087921932565634
1900-01-01 13:30:29.400,-12.0,3.465735902799726
1900-01-01 13:30:29.500,0.0,0.0
1900-01-01 13:30:29.600,0.0,0.0
1900-01-01 13:30:29.700,-262.0,-3.88925919816292
1900-01-01 13:30:29.800,0.0,0.0
1900-01-01 13:30:29.900,-14.0,-2.197224577336219
1900-01-01 13:30:30.000,0.0,0.0
1900-01-01 13:30:30.100,-5.0,3.2958368660043296
1900-01-01 13:30:30.200,-7.0,-1.543817725425788
1900-01-01 13:30:30.300,2.0,2.1400661634962708
1900-01-01 13:30:30.400,63.0,-0.2752815592533264
1900-01-01 13:30:30.500,0.0,0.0
1900-01-01 13:30:30.600,41.0,-4.335506619038989
1900-01-01 13:30:30.700,0.0,0.0
1900-01-01 13:30:30.800,0.0,0.0
1900-01-01 13:30:30.900,-119.0,-1.729801594683976
1900-01-01 13:30:31.000,0.0,0.0
1900-01-01 13:30:31.100,0.0,0.0
1900-01-01 13:30:31.200,15.0,4.128633635700732
1900-01-01 13:30:31.300,-85.0,1.609437912434101
1900-01-01 13:30:31.400,0.0,0.0
1900-01-01 13:30:31.500,101.0,1.6910178994265226
1900-01-01 13:30:31.600,-101.0,-0.4660897299245987
1900-01-01 13:30:31.700,-44.0,-1.0867778310211067
1900-01-01 13:30:31.800,9.0,-2.9957322735539917
1900-01-01 13:30:31.900,171.0,-0.3667272329153261
1900-01-01 13:30:32.000,0.0,0.0
1900-01-01 13:30:32.100,2.0,-2.4277482359480524
1900-01-01 13:30:32.200,-42.0,-1.7595424387834928
1900-01-01 13:30:32.300,0.0,0.1844101745903708
1900-01-01 13:30:32.400,0.0,0.0
1900-01-01 13:30:32.500,0.0,0.6108241962824317
1900-01-01 13:30:32.600,130.0,-6.104814452799287
1900-01-01 13:30:32.700,18.0,-0.8109302162163292
1900-01-01 13:30:32.800,1.0,-0.8744936031956936
1900-01-01 13:30:32.900,0.0,0.0500104205746616
1900-01-01 13:30:33.000,0.0,0.0
1900-01-01 13:30:33.100,0.0,0.0
1900-01-01 13:30:33.200,0.0,0.0
1900-01-01 13:30:33.300,20.0,-8.365654482037632
1900-01-01 13:30:33.400,270.0,-3.5410060175989537
1900-01-01 13:30:33.500,0.0,0.0
1900-01-01 13:30:33.600,5.0,7.353722330399631
1900-01-01 13:30:33.700,1.0,-0.0937729004854381
1900-01-01 13:30:33.800,33.0,-6.852679536504756
1900-01-01 13:30:33.900,30.0,-0.5824557402042871
1900-01-01 13:30:34.000,0.0,0.0
1900-01-01 13:30:34.100,-126.0,0.427846510304299
1900-01-01 13:30:34.200,-13.0,-6.221312844024595
1900-01-01 13:30:34.300,21.0,6.800068828109756
1900-01-01 13:30:34.400,0.0,0.0
1900-01-01 13:30:34.500,0.0,0.0
1900-01-01 13:30:34.600,-35.0,-10.435115303931385
1900-01-01 13:30:34.700,17.0,2.387673718726832
1900-01-01 13:30:34.800,-1.0,6.910750787961936
1900-01-01 13:30:34.900,0.0,0.0
1900-01-01 13:30:35.000,0.0,0.0
1900-01-01 13:30:35.100,-21.0,0.9668430110369864
1900-01-01 13:30:35.200,0.0,-0.1213243666468404
1900-01-01 13:30:35.300,-15.0,6.772896240236567
1900-01-01 13:30:35.400,3.0,6.843778307538534
1900-01-01 13:30:35.500,0.0,1.5449981518516442
1900-01-01 13:30:35.600,0.0,0.0
1900-01-01 13:30:35.700,0.0,-1.585627263740382
1900-01-01 13:30:35.800,0.0,-3.794498000994972
1900-01-01 13:30:35.900,0.0,5.389071729816501
1900-01-01 13:30:36.000,0.0,0.0
1900-01-01 13:30:36.100,0.0,-0.1752040890250912
1900-01-01 13:30:36.200,0.0,0.0
1900-01-01 13:30:36.300,0.0,-0.3392157225669638
1900-01-01 13:30:36.400,0.0,0.0
1900-01-01 13:30:36.500,0.0,0.0741079721537225
1900-01-01 13:30:36.600,0.0,0.939547594038422
1900-01-01 13:30:36.700,30.0,7.230638058841219
1900-01-01 13:30:36.800,12.0,0.545822465803087
1900-01-01 13:30:36.900,-16.0,-0.1929036661244918
1900-01-01 13:30:37.000,0.0,0.0
1900-01-01 13:30:37.100,-167.0,-7.523278698855856
1900-01-01 13:30:37.200,0.0,0.0
1900-01-01 13:30:37.300,0.0,0.0
1900-01-01 13:30:37.400,-3.0,0.2113090936672064
1900-01-01 13:30:37.500,-49.0,6.661854740545311
1900-01-01 13:30:37.600,0.0,0.0
1900-01-01 13:30:37.700,0.0,-7.213031659834869
1900-01-01 13:30:37.800,0.0,0.0
1900-01-01 13:30:37.900,8.0,-0.009372139828863
1900-01-01 13:30:38.000,0.0,0.0
1900-01-01 13:30:38.100,4.0,0.0951389615862883
1900-01-01 13:30:38.200,10.0,0.1104781578111886
1900-01-01 13:30:38.300,-46.0,2.279583431935623
1900-01-01 13:30:38.400,0.0,0.0
1900-01-01 13:30:38.500,0.0,0.0
1900-01-01 13:30:38.600,-62.0,-4.39787264312396
1900-01-01 13:30:38.700,22.0,-1.0986122886681098
1900-01-01 13:30:38.800,0.0,0.0
1900-01-01 13:30:38.900,0.0,2.467687488024638
1900-01-01 13:30:39.000,0.0,0.0
1900-01-01 13:30:39.100,0.0,-7.637675653334724
1900-01-01 13:30:39.200,-4.0,1.410986973710262
1900-01-01 13:30:39.300,0.0,0.0
1900-01-01 13:30:39.400,0.0,0.0
1900-01-01 13:30:39.500,0.0,0.0
1900-01-01 13:30:39.600,0.0,0.0
1900-01-01 13:30:39.700,-36.0,-2.0706530356467567
1900-01-01 13:30:39.800,61.0,1.1274116832111352
1900-01-01 13:30:39.900,0.0,0.0
1900-01-01 13:30:40.000,0.0,0.0
1900-01-01 13:30:40.100,0.0,5.493061443340549
1900-01-01 13:30:40.200,41.0,0.2006706954621515
1900-01-01 13:30:40.300,-80.0,-1.5527318849397993
1900-01-01 13:30:40.400,0.0,0.0
1900-01-01 13:30:40.500,-57.0,-12.216641596879407
1900-01-01 13:30:40.600,36.0,0.4368619621688361
1900-01-01 13:30:40.700,0.0,0.0
1900-01-01 13:30:40.800,20.0,11.632597624199406
1900-01-01 13:30:40.900,0.0,-1.791759469228055
1900-01-01 13:30:41.000,0.0,0.0
1900-01-01 13:30:41.100,49.0,-8.961716333165002
1900-01-01 13:30:41.200,0.0,-0.7604596285802416
1900-01-01 13:30:41.300,0.0,-5.752572638825633
1900-01-01 13:30:41.400,0.0,4.623030651190163
1900-01-01 13:30:41.500,0.0,2.469807854388657
1900-01-01 13:30:41.600,-62.0,-7.268920128193722
1900-01-01 13:30:41.700,42.0,-0.1544331524057574
1900-01-01 13:30:41.800,3.0,-0.1090770052023812
1900-01-01 13:30:41.900,0.0,0.0513222291541204
1900-01-01 13:30:42.000,0.0,0.0
1900-01-01 13:30:42.100,0.0,-0.0810816688059552
1900-01-01 13:30:42.200,11.0,0.0659329656041052
1900-01-01 13:30:42.300,0.0,0.0
1900-01-01 13:30:42.400,0.0,0.0
1900-01-01 13:30:42.500,0.0,0.0
1900-01-01 13:30:42.600,0.0,-0.1317982206200159
1900-01-01 13:30:42.700,0.0,0.0
1900-01-01 13:30:42.800,-122.0,-1.4813594729166164
1900-01-01 13:30:42.900,69.0,8.281398522548468
1900-01-01 13:30:43.000,0.0,0.0
1900-01-01 13:30:43.100,0.0,-0.9186409092191083
1900-01-01 13:30:43.200,0.0,-5.875698820300737
1900-01-01 13:30:43.300,0.0,0.3646431135879093
1900-01-01 13:30:43.400,0.0,-0.9122827104766168
1900-01-01 13:30:43.500,61.0,-0.081067823088782
1900-01-01 13:30:43.600,-2.0,0.4389048822076922
1900-01-01 13:30:43.700,0.0,-0.0602609130219304
1900-01-01 13:30:43.800,0.0,0.0
1900-01-01 13:30:43.900,-5.0,-0.5994428535407166
1900-01-01 13:30:44.000,0.0,0.0
1900-01-01 13:30:44.100,79.0,7.858817279456637
1900-01-01 13:30:44.200,29.0,-6.166913224614175
1900-01-01 13:30:44.300,0.0,0.0
1900-01-01 13:30:44.400,8.0,-1.3693083802314017
1900-01-01 13:30:44.500,49.0,-0.0643653759549032
1900-01-01 13:30:44.600,0.0,0.0
1900-01-01 13:30:44.700,0.0,0.0
1900-01-01 13:30:44.800,0.0,0.0
1900-01-01 13:30:44.900,0.0,-0.2363887780642306
1900-01-01 13:30:45.000,0.0,0.0
1900-01-01 13:30:45.100,0.0,-0.1892419996385284
1900-01-01 13:30:45.200,0.0,0.0
1900-01-01 13:30:45.300,0.0,0.6806495375474175
1900-01-01 13:30:45.400,0.0,-0.2648798886104386
1900-01-01 13:30:45.500,0.0,-0.3948629641176655
1900-01-01 13:30:45.600,16.0,-6.970531685126309
1900-01-01 13:30:45.700,101.0,-1.6767893749482852
1900-01-01 13:30:45.800,1.0,-0.1332106788879379
1900-01-01 13:30:45.900,60.0,7.075190462085805
1900-01-01 13:30:46.000,0.0,0.0
1900-01-01 13:30:46.100,0.0,1.2163953243244938
1900-01-01 13:30:46.200,-60.0,6.46771429285067
1900-01-01 13:30:46.300,-77.0,0.4855078157817001
1900-01-01 13:30:46.400,63.0,-3.7272357790536095
1900-01-01 13:30:46.500,0.0,0.0
1900-01-01 13:30:46.600,-97.0,-5.910183461223304
1900-01-01 13:30:46.700,0.0,-1.3862943611198908
1900-01-01 13:30:46.800,0.0,2.772588722239781
1900-01-01 13:30:46.900,-46.0,-2.764239527628859
1900-01-01 13:30:47.000,0.0,0.0
1900-01-01 13:30:47.100,0.0,0.0
1900-01-01 13:30:47.200,0.0,0.0
1900-01-01 13:30:47.300,17.0,1.3862943611198906
1900-01-01 13:30:47.400,0.0,0.0
1900-01-01 13:30:47.500,-34.0,3.449670035112933
1900-01-01 13:30:47.600,-91.0,7.0870554452292325
1900-01-01 13:30:47.700,0.0,0.0
1900-01-01 13:30:47.800,0.0,0.6746623658858422
1900-01-01 13:30:47.900,0.0,-0.2226772421427849
1900-01-01 13:30:48.000,0.0,0.0
1900-01-01 13:30:48.100,-21.0,8.811413889407735
1900-01-01 13:30:48.200,-39.0,6.893960695814958
1900-01-01 13:30:48.300,1.0,0.190882689095988
1900-01-01 13:30:48.400,0.0,0.0
1900-01-01 13:30:48.500,-96.0,0.6667166951065746
1900-01-01 13:30:48.600,-37.0,0.2876820724517812
1900-01-01 13:30:48.700,0.0,0.0
1900-01-01 13:30:48.800,0.0,-6.0473721790462776
1900-01-01 13:30:48.900,129.0,6.86125518471744
1900-01-01 13:30:49.000,0.0,0.0
1900-01-01 13:30:49.100,-1.0,-3.637586159726385
1900-01-01 13:30:49.200,0.0,0.0
1900-01-01 13:30:49.300,0.0,0.0
1900-01-01 13:30:49.400,75.0,4.50954198326961
1900-01-01 13:30:49.500,46.0,-2.8323726546414214
1900-01-01 13:30:49.600,0.0,0.0
1900-01-01 13:30:49.700,0.0,-4.969813299576001
1900-01-01 13:30:49.800,10.0,0.0206192872027353
1900-01-01 13:30:49.900,0.0,0.0
1900-01-01 13:30:50.000,0.0,0.0
1900-01-01 13:30:50.100,-141.0,-3.1737962272994213
1900-01-01 13:30:50.200,0.0,0.0
1900-01-01 13:30:50.300,0.0,0.0
1900-01-01 13:30:50.400,0.0,0.0
1900-01-01 13:30:50.500,-28.0,0.0253178079842895
1900-01-01 13:30:50.600,0.0,0.0
1900-01-01 13:30:50.700,-29.0,-4.776858486480677
1900-01-01 13:30:50.800,0.0,-0.1822042616205172
1900-01-01 13:30:50.900,0.0,0.0
1900-01-01 13:30:51.000,0.0,0.0
1900-01-01 13:30:51.100,0.0,-0.1997132995058228
1900-01-01 13:30:51.200,0.0,-0.0985189838411102
1900-01-01 13:30:51.300,0.0,0.0
1900-01-01 13:30:51.400,0.0,0.2280280246736845
1900-01-01 13:30:51.500,0.0,0.3760395258325721
1900-01-01 13:30:51.600,0.0,0.0
1900-01-01 13:30:51.700,0.0,0.0
1900-01-01 13:30:51.800,0.0,0.0
1900-01-01 13:30:51.900,7.0,-1.562917896799207
1900-01-01 13:30:52.000,0.0,0.0
1900-01-01 13:30:52.100,0.0,-7.129297548929373
1900-01-01 13:30:52.200,5.0,2.4902258112656
1900-01-01 13:30:52.300,4.0,4.442651256490317
1900-01-01 13:30:52.400,39.0,0.2864024817461557
1900-01-01 13:30:52.500,-2.0,0.7635744295340396
1900-01-01 13:30:52.600,-1.0,0.6256226912438128
1900-01-01 13:30:52.700,0.0,-0.6601088673149822
1900-01-01 13:30:52.800,0.0,0.0
1900-01-01 13:30:52.900,0.0,0.0
1900-01-01 13:30:53.000,0.0,0.0
1900-01-01 13:30:53.100,0.0,0.0
1900-01-01 13:30:53.200,-5.0,-0.4005322397881397
1900-01-01 13:30:53.300,8.0,0.2986948722871836
1900-01-01 13:30:53.400,0.0,0.0
1900-01-01 13:30:53.500,-8.0,-0.3456693301021305
1900-01-01 13:30:53.600,0.0,0.0
1900-01-01 13:30:53.700,0.0,0.0
1900-01-01 13:30:53.800,0.0,0.0
1900-01-01 13:30:53.900,0.0,0.5222667728121966
1900-01-01 13:30:54.000,0.0,0.0
1900-01-01 13:30:54.100,0.0,0.0
1900-01-01 13:30:54.200,-1.0,-0.2294772835195764
1900-01-01 13:30:54.300,0.0,0.0
1900-01-01 13:30:54.400,0.0,0.0
1900-01-01 13:30:54.500,-41.0,0.281010933634759
1900-01-01 13:30:54.600,95.0,-8.013474781585458
1900-01-01 13:30:54.700,0.0,0.0
1900-01-01 13:30:54.800,-140.0,1.3505146665431615
1900-01-01 13:30:54.900,0.0,-1.2168309592693047
1900-01-01 13:30:55.000,0.0,0.0
1900-01-01 13:30:55.100,0.0,-0.3899005915670526
1900-01-01 13:30:55.200,10.0,0.2827559541157245
1900-01-01 13:30:55.300,0.0,0.0
1900-01-01 13:30:55.400,0.0,0.0
1900-01-01 13:30:55.500,0.0,0.0
1900-01-01 13:30:55.600,0.0,0.0
1900-01-01 13:30:55.700,0.0,-0.988034636732996
1900-01-01 13:30:55.800,0.0,0.0
1900-01-01 13:30:55.900,3.0,0.8209805520698295
1900-01-01 13:30:56.000,0.0,0.0
1900-01-01 13:30:56.100,0.0,0.0
1900-01-01 13:30:56.200,0.0,0.0
1900-01-01 13:30:56.300,174.0,-6.770568331712633
1900-01-01 13:30:56.400,0.0,0.0
1900-01-01 13:30:56.500,0.0,0.0
1900-01-01 13:30:56.600,0.0,-1.0608719606852626
1900-01-01 13:30:56.700,37.0,1.300065028433824
1900-01-01 13:30:56.800,0.0,0.0
1900-01-01 13:30:56.900,0.0,0.0
1900-01-01 13:30:57.000,0.0,0.0
1900-01-01 13:30:57.100,-14.0,8.47035312457042
1900-01-01 13:30:57.200,0.0,0.0
1900-01-01 13:30:57.300,0.0,0.0
1900-01-01 13:30:57.400,0.0,5.41610040220442
1900-01-01 13:30:57.500,169.0,4.642114586879751
1900-01-01 13:30:57.600,0.0,0.0
1900-01-01 13:30:57.700,100.0,-6.429719478039138
1900-01-01 13:30:57.800,-35.0,-3.2650652073375754
1900-01-01 13:30:57.900,0.0,-1.6836946830405926
1900-01-01 13:30:58.000,0.0,0.0
1900-01-01 13:30:58.100,-28.0,5.236441962829949
1900-01-01 13:30:58.200,-1.0,0.4054651081081641
1900-01-01 13:30:58.300,-5.0,-3.401197381662155
1900-01-01 13:30:58.400,45.0,2.302585092994045
1900-01-01 13:30:58.500,0.0,-3.4657359027997265
1900-01-01 13:30:58.600,0.0,0.0
1900-01-01 13:30:58.700,-146.0,4.556968084170213
1900-01-01 13:30:58.800,28.0,0.8537703748928225
1900-01-01 13:30:58.900,0.0,0.0
1900-01-01 13:30:59.000,0.0,0.0
1900-01-01 13:30:59.100,36.0,0.1823215567939549
1900-01-01 13:30:59.200,0.0,0.0
1900-01-01 13:30:59.300,17.0,1.3544300358178425
1900-01-01 13:30:59.400,59.0,0.1175590464069316
1900-01-01 13:30:59.500,0.0,0.0
1900-01-01 13:30:59.600,0.0,0.0
1900-01-01 13:30:59.700,0.0,0.0
1900-01-01 13:30:59.800,0.0,0.0
1900-01-01 13:30:59.900,0.0,0.0571488878076831
1900-01-01 13:31:00.000,0.0,0.0
1900-01-01 13:31:00.100,54.0,-1.8251464852607917
1900-01-01 13:31:00.200,-57.0,1.2557843590422273
1900-01-01 13:31:00.300,42.0,-0.1981467779814885
1900-01-01 13:31:00.400,-93.0,1.7075573377315665
1900-01-01 13:31:00.500,86.0,6.690428112989368
1900-01-01 13:31:00.600,-4.0,0.1358506824156142
1900-01-01 13:31:00.700,-144.0,8.083328608786374
1900-01-01 13:31:00.800,0.0,0.4744579795951154
1900-01-01 13:31:00.900,0.0,-8.731013415269564
1900-01-01 13:31:01.000,-63.0,8.66647489413199
1900-01-01 13:31:01.100,81.0,8.289556226489688
1900-01-01 13:31:01.200,0.0,1.3728828318046484
1900-01-01 13:31:01.300,-51.0,-2.109887308214001
1900-01-01 13:31:01.400,0.0,-0.5721888190330375
1900-01-01 13:31:01.500,0.0,-7.124478262493424
1900-01-01 13:31:01.600,-30.0,6.799055862058797
1900-01-01 13:31:01.700,6.0,-1.8995817410086668
1900-01-01 13:31:01.800,0.0,0.0
1900-01-01 13:31:01.900,1.0,2.930000430484242
1900-01-01 13:31:02.000,17.0,-1.9740810260220096
1900-01-01 13:31:02.100,-17.0,-5.675457145607956
1900-01-01 13:31:02.200,0.0,0.0
1900-01-01 13:31:02.300,8.0,-0.4108086322730924
1900-01-01 13:31:02.400,0.0,0.2935533289631173
1900-01-01 13:31:02.500,2.0,-0.0532445145188127
1900-01-01 13:31:02.600,0.0,0.0
1900-01-01 13:31:02.700,-121.0,-3.605497845174885
1900-01-01 13:31:02.800,0.0,-0.4269713133291278
1900-01-01 13:31:02.900,0.0,7.575841028946711
1900-01-01 13:31:03.000,0.0,0.0
1900-01-01 13:31:03.100,0.0,-3.605549115394589
1900-01-01 13:31:03.200,-118.0,7.170221579060144
1900-01-01 13:31:03.300,72.0,1.824127835209013
1900-01-01 13:31:03.400,2.0,-1.778356439100715
1900-01-01 13:31:03.500,6.0,0.8106859861503941
1900-01-01 13:31:03.600,10.0,-0.4609289653045314
1900-01-01 13:31:03.700,19.0,-1.6229313705370156
1900-01-01 13:31:03.800,0.0,0.0
1900-01-01 13:31:03.900,43.0,2.2804368597710347
1900-01-01 13:31:04.000,6.0,1.6315598295213718
1900-01-01 13:31:04.100,-5.0,-6.305362461690656
1900-01-01 13:31:04.200,9.0,0.4185371896755172
1900-01-01 13:31:04.300,-5.0,-0.955030560190086
1900-01-01 13:31:04.400,25.0,7.167037876912221
1900-01-01 13:31:04.500,44.0,-7.090076835776092
1900-01-01 13:31:04.600,0.0,0.0
1900-01-01 13:31:04.700,0.0,0.0
1900-01-01 13:31:04.800,-148.0,-3.1677256781292757
1900-01-01 13:31:04.900,-72.0,2.615380211088429
1900-01-01 13:31:05.000,0.0,0.0
1900-01-01 13:31:05.100,8.0,-0.832843936011578
1900-01-01 13:31:05.200,-3.0,0.0596540477780966
1900-01-01 13:31:05.300,-21.0,0.2102954088363606
1900-01-01 13:31:05.400,18.0,-3.0655758469212557
1900-01-01 13:31:05.500,-7.0,-2.503598782800154
1900-01-01 13:31:05.600,0.0,-1.822531127894808
1900-01-01 13:31:05.700,-55.0,1.4205373845421023
1900-01-01 13:31:05.800,65.0,1.0986122886681096
1900-01-01 13:31:05.900,0.0,-4.440892098500626e-16
1900-01-01 13:31:06.000,0.0,0.0
1900-01-01 13:31:06.100,0.0,-1.6094379124341007
1900-01-01 13:31:06.200,-56.0,-2.592361744476337
1900-01-01 13:31:06.300,0.0,0.0
1900-01-01 13:31:06.400,0.0,0.0
1900-01-01 13:31:06.500,0.0,0.0
1900-01-01 13:31:06.600,-119.0,-7.017506142941256
1900-01-01 13:31:06.700,0.0,0.0
1900-01-01 13:31:06.800,8.0,-1.252762968495368
1900-01-01 13:31:06.900,52.0,5.241747015059643
1900-01-01 13:31:07.000,0.0,0.0
1900-01-01 13:31:07.100,0.0,2.220446049250313e-16
1900-01-01 13:31:07.200,0.0,-4.430816798843313
1900-01-01 13:31:07.300,0.0,0.0
1900-01-01 13:31:07.400,0.0,-1.2426185194235957
1900-01-01 13:31:07.500,0.0,0.0
1900-01-01 13:31:07.600,0.0,0.4104109047599822
1900-01-01 13:31:07.700,0.0,0.0
1900-01-01 13:31:07.800,76.0,1.4146892273360394
1900-01-01 13:31:07.900,0.0,0.0
1900-01-01 13:31:08.000,0.0,0.0
1900-01-01 13:31:08.100,3.0,3.2811351548771577
1900-01-01 13:31:08.200,0.0,0.0
1900-01-01 13:31:08.300,0.0,0.0
1900-01-01 13:31:08.400,24.0,-2.09087023750346
1900-01-01 13:31:08.500,0.0,0.0
1900-01-01 13:31:08.600,0.0,5.375278407684165
1900-01-01 13:31:08.700,0.0,0.0
1900-01-01 13:31:08.800,37.0,2.19722457733622
1900-01-01 13:31:08.900,-28.0,-5.261208707152443
1900-01-01 13:31:09.000,0.0,0.0
1900-01-01 13:31:09.100,0.0,0.0
1900-01-01 13:31:09.200,-3.0,-0.2617248101133977
1900-01-01 13:31:09.300,0.0,0.0
1900-01-01 13:31:09.400,0.0,0.0
1900-01-01 13:31:09.500,0.0,0.0
1900-01-01 13:31:09.600,33.0,5.185521872402692
1900-01-01 13:31:09.700,0.0,0.0
1900-01-01 13:31:09.800,0.0,0.0
1900-01-01 13:31:09.900,0.0,-4.718498871295095
1900-01-01 13:31:10.000,0.0,0.0
1900-01-01 13:31:10.100,22.0,2.61770420514469
1900-01-01 13:31:10.200,0.0,-1.0116009116784803
1900-01-01 13:31:10.300,0.0,-0.0870113769896296
1900-01-01 13:31:10.400,20.0,-0.4289662416857887
1900-01-01 13:31:10.500,-10.0,-0.7327467533502641
1900-01-01 13:31:10.600,-14.0,-1.944633824695709
1900-01-01 13:31:10.700,-1.0,0.3616852026546477
1900-01-01 13:31:10.800,0.0,0.0
1900-01-01 13:31:10.900,0.0,0.5894094514141996
1900-01-01 13:31:11.000,0.0,0.0
1900-01-01 13:31:11.100,116.0,3.2140784213422133
1900-01-01 13:31:11.200,0.0,0.0
1900-01-01 13:31:11.300,0.0,4.530581328997019
1900-01-01 13:31:11.400,-15.0,-0.3130041263509704
1900-01-01 13:31:11.500,40.0,-2.442347035369204
1900-01-01 13:31:11.600,60.0,-8.024460154667121
1900-01-01 13:31:11.700,0.0,0.0
1900-01-01 13:31:11.800,0.0,0.0
1900-01-01 13:31:11.900,-2.0,2.6719214770137047
1900-01-01 13:31:12.000,0.0,0.0
1900-01-01 13:31:12.100,-13.0,0.488265351505817
1900-01-01 13:31:12.200,1.0,0.0623187643992575
1900-01-01 13:31:12.300,27.0,0.7608916271376742
1900-01-01 13:31:12.400,5.0,-0.4540131708359105
1900-01-01 13:31:12.500,-18.0,-7.47278495676164
1900-01-01 13:31:12.600,0.0,0.0
1900-01-01 13:31:12.700,-48.0,-0.889857474806
1900-01-01 13:31:12.800,19.0,-0.6895693592120611
1900-01-01 13:31:12.900,0.0,0.116864340139311
1900-01-01 13:31:13.000,0.0,0.0
1900-01-01 13:31:13.100,0.0,0.0
1900-01-01 13:31:13.200,0.0,0.0
1900-01-01 13:31:13.300,0.0,-0.0346955876254693
1900-01-01 13:31:13.400,142.0,3.3281704443137423
1900-01-01 13:31:13.500,-28.0,5.339044471466343
1900-01-01 13:31:13.600,-120.0,-0.5046091584232109
1900-01-01 13:31:13.700,0.0,0.0
1900-01-01 13:31:13.800,-13.0,-2.7354491752903254
1900-01-01 13:31:13.900,0.0,3.071921411911538
1900-01-01 13:31:14.000,0.0,0.0
1900-01-01 13:31:14.100,0.0,0.0
1900-01-01 13:31:14.200,0.0,0.0
1900-01-01 13:31:14.300,68.0,2.0614230361771577
1900-01-01 13:31:14.400,0.0,0.0
1900-01-01 13:31:14.500,6.0,-1.5081841787289276
1900-01-01 13:31:14.600,114.0,6.295675921510974
1900-01-01 13:31:14.700,2.0,-1.203972804325936
1900-01-01 13:31:14.800,0.0,0.0
1900-01-01 13:31:14.900,0.0,0.0
1900-01-01 13:31:15.000,0.0,0.0
1900-01-01 13:31:15.100,0.0,0.0
1900-01-01 13:31:15.200,-35.0,-0.438254930931156
1900-01-01 13:31:15.300,114.0,-3.988984046564275
1900-01-01 13:31:15.400,0.0,-0.9152319705259138
1900-01-01 13:31:15.500,0.0,0.0
1900-01-01 13:31:15.600,0.0,0.0935260580108243
1900-01-01 13:31:15.700,0.0,0.0
1900-01-01 13:31:15.800,0.0,-0.6970610798810819
1900-01-01 13:31:15.900,17.0,2.5130775267546963
1900-01-01 13:31:16.000,0.0,0.0
1900-01-01 13:31:16.100,53.0,11.61706924070016
1900-01-01 13:31:16.200,0.0,-5.5909869805108565
1900-01-01 13:31:16.300,-83.0,2.700615222614692
1900-01-01 13:31:16.400,11.0,-1.3958638121360414
1900-01-01 13:31:16.500,0.0,0.0
1900-01-01 13:31:16.600,2.0,-0.2499417444689342
1900-01-01 13:31:16.700,0.0,0.0
1900-01-01 13:31:16.800,0.0,0.0
1900-01-01 13:31:16.900,-53.0,2.7053584094364984
1900-01-01 13:31:17.000,0.0,3.1780538303479453
1900-01-01 13:31:17.100,-60.0,-2.414702391114752
1900-01-01 13:31:17.200,0.0,0.0
1900-01-01 13:31:17.300,5.0,-0.9162907318741548
1900-01-01 13:31:17.400,10.0,4.906838500414612
1900-01-01 13:31:17.500,-89.0,-6.373415924935672
1900-01-01 13:31:17.600,0.0,0.0
1900-01-01 13:31:17.700,-5.0,-0.5945003276565815
1900-01-01 13:31:17.800,-75.0,5.075173815233827
1900-01-01 13:31:17.900,77.0,-2.220446049250313e-16
1900-01-01 13:31:18.000,0.0,0.0
1900-01-01 13:31:18.100,0.0,-5.0238805208462765
1900-01-01 13:31:18.200,0.0,0.0
1900-01-01 13:31:18.300,0.0,0.2363887780642302
1900-01-01 13:31:18.400,0.0,0.0
1900-01-01 13:31:18.500,-60.0,-0.8570713722141838
1900-01-01 13:31:18.600,0.0,0.0
1900-01-01 13:31:18.700,47.0,7.688526929801619
1900-01-01 13:31:18.800,40.0,-4.176751337190519
1900-01-01 13:31:18.900,-55.0,5.523305369660895
1900-01-01 13:31:19.000,0.0,0.0
1900-01-01 13:31:19.100,0.0,-0.7535805916934946
1900-01-01 13:31:19.200,0.0,-0.1214301653455538
1900-01-01 13:31:19.300,-7.0,1.2599161946093398
1900-01-01 13:31:19.400,-72.0,7.3690741527784835
1900-01-01 13:31:19.500,0.0,0.0
1900-01-01 13:31:19.600,0.0,0.0
1900-01-01 13:31:19.700,0.0,-1.178654996341646
1900-01-01 13:31:19.800,0.0,0.0
1900-01-01 13:31:19.900,0.0,0.0
1900-01-01 13:31:20.000,0.0,0.0
1900-01-01 13:31:20.100,0.0,0.5596157879354231
1900-01-01 13:31:20.200,0.0,-0.2777646357944352
1900-01-01 13:31:20.300,0.0,0.0
1900-01-01 13:31:20.400,10.0,-3.822810476178302
1900-01-01 13:31:20.500,0.0,-2.890371757896165
1900-01-01 13:31:20.600,-91.0,-2.803841265743885
1900-01-01 13:31:20.700,0.0,-7.110696122978828
1900-01-01 13:31:20.800,0.0,0.0
1900-01-01 13:31:20.900,0.0,0.0
1900-01-01 13:31:21.000,0.0,0.0
1900-01-01 13:31:21.100,0.0,0.0
1900-01-01 13:31:21.200,0.0,0.0
1900-01-01 13:31:21.300,0.0,7.24422751560335
1900-01-01 13:31:21.400,125.0,7.089115725909789
1900-01-01 13:31:21.500,0.0,0.0
1900-01-01 13:31:21.600,0.0,0.0
1900-01-01 13:31:21.700,-7.0,0.5932867123038084
1900-01-01 13:31:21.800,-27.0,-4.5217885770490405
1900-01-01 13:31:21.900,117.0,5.880757222317754
1900-01-01 13:31:22.000,0.0,0.0
1900-01-01 13:31:22.100,0.0,-1.3113555653645306
1900-01-01 13:31:22.200,0.0,0.0
1900-01-01 13:31:22.300,0.0,0.0
1900-01-01 13:31:22.400,0.0,0.9033873270382476
1900-01-01 13:31:22.500,42.0,0.925769475828699
1900-01-01 13:31:22.600,-9.0,6.010156680120135
1900-01-01 13:31:22.700,-13.0,8.201934351194222
1900-01-01 13:31:22.800,0.0,0.0
1900-01-01 13:31:22.900,0.0,0.0
1900-01-01 13:31:23.000,0.0,0.0
1900-01-01 13:31:23.100,0.0,0.0
1900-01-01 13:31:23.200,6.0,0.460142500479956
1900-01-01 13:31:23.300,0.0,0.0
1900-01-01 13:31:23.400,-128.0,-3.4909689614301804
1900-01-01 13:31:23.500,0.0,0.0
1900-01-01 13:31:23.600,0.0,0.0
1900-01-01 13:31:23.700,0.0,0.0
1900-01-01 13:31:23.800,0.0,0.0
1900-01-01 13:31:23.900,0.0,0.0
1900-01-01 13:31:24.000,0.0,0.0
1900-01-01 13:31:24.100,0.0,-3.887730312859102
1900-01-01 13:31:24.200,0.0,-0.2872035544811353
1900-01-01 13:31:24.300,0.0,-0.7644032842107324
1900-01-01 13:31:24.400,0.0,-7.22135332953539
1900-01-01 13:31:24.500,0.0,4.454689235049795
1900-01-01 13:31:24.600,0.0,0.4700036292457354
1900-01-01 13:31:24.700,0.0,0.0
1900-01-01 13:31:24.800,0.0,0.0
1900-01-01 13:31:24.900,0.0,-9.713050033354005
1900-01-01 13:31:25.000,0.0,0.0
1900-01-01 13:31:25.100,0.0,-3.4771719967967405
1900-01-01 13:31:25.200,0.0,0.0
1900-01-01 13:31:25.300,0.0,-0.1646424990391661
1900-01-01 13:31:25.400,-77.0,5.0540806964990965
1900-01-01 13:31:25.500,0.0,0.0
1900-01-01 13:31:25.600,0.0,0.0
1900-01-01 13:31:25.700,2.0,-4.68213122712422
1900-01-01 13:31:25.800,-4.0,-0.1117328631200846
1900-01-01 13:31:25.900,0.0,0.0
1900-01-01 13:31:26.000,0.0,0.0
1900-01-01 13:31:26.100,-20.0,0.841567185678219
1900-01-01 13:31:26.200,0.0,0.0
1900-01-01 13:31:26.300,-15.0,-1.2468194145945204
1900-01-01 13:31:26.400,0.0,0.0
1900-01-01 13:31:26.500,0.0,0.0
1900-01-01 13:31:26.600,-35.0,6.7167789864716685
1900-01-01 13:31:26.700,14.0,1.4772661393256177
1900-01-01 13:31:26.800,0.0,0.0
1900-01-01 13:31:26.900,0.0,0.0
1900-01-01 13:31:27.000,0.0,0.0
1900-01-01 13:31:27.100,36.0,-0.2623642644674913
1900-01-01 13:31:27.200,0.0,0.0
1900-01-01 13:31:27.300,-18.0,-6.551080335043405
1900-01-01 13:31:27.400,0.0,0.0
1900-01-01 13:31:27.500,0.0,0.0
1900-01-01 13:31:27.600,0.0,0.0
1900-01-01 13:31:27.700,3.0,-0.2174128766052252
1900-01-01 13:31:27.800,-60.0,4.31748811353631
1900-01-01 13:31:27.900,0.0,0.0
1900-01-01 13:31:28.000,0.0,0.0
1900-01-01 13:31:28.100,0.0,0.0659579677917969
1900-01-01 13:31:28.200,-14.0,-3.63570469162668
1900-01-01 13:31:28.300,2.0,5.84354441703136
1900-01-01 13:31:28.400,0.0,0.0
1900-01-01 13:31:28.500,0.0,0.0
1900-01-01 13:31:28.600,18.0,-7.294377299288821
1900-01-01 13:31:28.700,-77.0,0.9246589815446709
1900-01-01 13:31:28.800,0.0,0.0
1900-01-01 13:31:28.900,0.0,0.0
1900-01-01 13:31:29.000,0.0,0.0
1900-01-01 13:31:29.100,0.0,0.0
1900-01-01 13:31:29.200,0.0,0.0
1900-01-01 13:31:29.300,70.0,-4.734787679291477
1900-01-01 13:31:29.400,-4.0,-1.3862943611198904
1900-01-01 13:31:29.500,0.0,0.0
1900-01-01 13:31:29.600,0.0,6.790472118367404
1900-01-01 13:31:29.700,-72.0,2.890371757896165
1900-01-01 13:31:29.800,-137.0,8.144923987962786
1900-01-01 13:31:29.900,16.0,-6.61496929461218
1900-01-01 13:31:30.000,0.0,0.0
1900-01-01 13:31:30.100,45.0,-3.482521319491741
1900-01-01 13:31:30.200,-9.0,5.2574953720277815
1900-01-01 13:31:30.300,0.0,0.0
1900-01-01 13:31:30.400,-10.0,-3.936393084625669
1900-01-01 13:31:30.500,0.0,0.0
1900-01-01 13:31:30.600,0.0,0.0
1900-01-01 13:31:30.700,-13.0,-5.322930701097063
1900-01-01 13:31:30.800,-137.0,3.465735902799726
1900-01-01 13:31:30.900,0.0,0.0
1900-01-01 13:31:31.000,0.0,0.0
1900-01-01 13:31:31.100,-67.0,-13.148498851008954
1900-01-01 13:31:31.200,-52.0,6.676140697792788
1900-01-01 13:31:31.300,0.0,0.0
1900-01-01 13:31:31.400,0.0,-7.190232296349161
1900-01-01 13:31:31.500,0.0,0.2538671342135439
1900-01-01 13:31:31.600,-67.0,5.875352373731099
1900-01-01 13:31:31.700,84.0,2.220446049250313e-16
1900-01-01 13:31:31.800,143.0,-14.89233032436943
1900-01-01 13:31:31.900,60.0,8.168072252697485
1900-01-01 13:31:32.000,0.0,0.0
1900-01-01 13:31:32.100,-95.0,0.0689928714869521
1900-01-01 13:31:32.200,39.0,-15.151728958010889
1900-01-01 13:31:32.300,-18.0,-1.671062272497618
1900-01-01 13:31:32.400,-7.0,-0.072846440802941
1900-01-01 13:31:32.500,53.0,0.3768776512562515
1900-01-01 13:31:32.600,-28.0,8.073325035775127
1900-01-01 13:31:32.700,-31.0,-2.4016744399648675
1900-01-01 13:31:32.800,97.0,2.206335504947785
1900-01-01 13:31:32.900,0.0,0.0
1900-01-01 13:31:33.000,0.0,0.0
1900-01-01 13:31:33.100,11.0,6.159370602003726
1900-01-01 13:31:33.200,32.0,-0.0173917427118689
1900-01-01 13:31:33.300,-40.0,0.9162907318741552
1900-01-01 13:31:33.400,0.0,-5.41610040220442
1900-01-01 13:31:33.500,31.0,-0.4971346309037519
1900-01-01 13:31:33.600,-24.0,-0.0957172182750796
1900-01-01 13:31:33.700,-42.0,-9.736806520809706
1900-01-01 13:31:33.800,10.0,2.802849114781385
1900-01-01 13:31:33.900,3.0,-0.045265310325997
1900-01-01 13:31:34.000,0.0,0.0
1900-01-01 13:31:34.100,-90.0,-8.87870641199522
1900-01-01 13:31:34.200,-28.0,0.0183491386681966
1900-01-01 13:31:34.300,0.0,0.0
1900-01-01 13:31:34.400,-7.0,0.107589267466841
1900-01-01 13:31:34.500,0.0,-0.0165293019512109
1900-01-01 13:31:34.600,0.0,0.0
1900-01-01 13:31:34.700,-3.0,-0.1947797917159959
1900-01-01 13:31:34.800,0.0,-0.5431032826853404
1900-01-01 13:31:34.900,-4.0,0.1698990367953974
1900-01-01 13:31:35.000,0.0,0.0
1900-01-01 13:31:35.100,-11.0,-0.4626235219481134
1900-01-01 13:31:35.200,0.0,0.0
1900-01-01 13:31:35.300,3.0,0.8680886300562776
1900-01-01 13:31:35.400,-120.0,6.992534238095609
1900-01-01 13:31:35.500,0.0,-6.372108002042333
1900-01-01 13:31:35.600,0.0,-0.1381503384808171
1900-01-01 13:31:35.700,0.0,0.9328200338253656
1900-01-01 13:31:35.800,62.0,8.385118348748835
1900-01-01 13:31:35.900,13.0,-1.4328143767547834
1900-01-01 13:31:36.000,0.0,0.0
1900-01-01 13:31:36.100,0.0,0.0
1900-01-01 13:31:36.200,3.0,2.739340070517513
1900-01-01 13:31:36.300,-4.0,5.736572297479192
1900-01-01 13:31:36.400,126.0,0.5981057818350513
1900-01-01 13:31:36.500,0.0,-0.9397887031414592
1900-01-01 13:31:36.600,0.0,-0.7409290260152601
1900-01-01 13:31:36.700,19.0,0.9691876779962404
1900-01-01 13:31:36.800,-26.0,-5.771074403331885
1900-01-01 13:31:36.900,0.0,0.0
1900-01-01 13:31:37.000,0.0,0.0
1900-01-01 13:31:37.100,0.0,0.0
1900-01-01 13:31:37.200,0.0,0.0
1900-01-01 13:31:37.300,2.0,-4.10923317471585
1900-01-01 13:31:37.400,-74.0,8.576781982827896
1900-01-01 13:31:37.500,6.0,-2.0149030205422647
1900-01-01 13:31:37.600,0.0,0.0
1900-01-01 13:31:37.700,0.0,0.0
1900-01-01 13:31:37.800,0.0,0.0
1900-01-01 13:31:37.900,-3.0,0.7879131297863748
1900-01-01 13:31:38.000,0.0,0.0
1900-01-01 13:31:38.100,-5.0,1.8523840910444904
1900-01-01 13:31:38.200,31.0,-1.317962646681817
1900-01-01 13:31:38.300,-211.0,-6.631555786445071
1900-01-01 13:31:38.400,-7.0,0.6113721390846405
1900-01-01 13:31:38.500,0.0,0.0
1900-01-01 13:31:38.600,0.0,0.0
1900-01-01 13:31:38.700,0.0,0.0
1900-01-01 13:31:38.800,-60.0,-4.788765582378427
1900-01-01 13:31:38.900,24.0,-2.54123283084422
1900-01-01 13:31:39.000,0.0,0.0
1900-01-01 13:31:39.100,-6.0,-1.2041588335330582
1900-01-01 13:31:39.200,0.0,0.551833647493368
1900-01-01 13:31:39.300,69.0,3.1935580168839106
1900-01-01 13:31:39.400,0.0,0.0
1900-01-01 13:31:39.500,0.0,0.0
1900-01-01 13:31:39.600,0.0,0.0
1900-01-01 13:31:39.700,-146.0,10.222336010934404
1900-01-01 13:31:39.800,0.0,0.0
1900-01-01 13:31:39.900,8.0,0.9655617808809378
1900-01-01 13:31:40.000,0.0,0.0
1900-01-01 13:31:40.100,32.0,-0.8516175215317205
1900-01-01 13:31:40.200,0.0,0.0
1900-01-01 13:31:40.300,0.0,-4.801477984756786
1900-01-01 13:31:40.400,45.0,0.4307829160924541
1900-01-01 13:31:40.500,3.0,4.356708826689592
1900-01-01 13:31:40.600,35.0,-2.180275019022446
1900-01-01 13:31:40.700,0.0,0.0
1900-01-01 13:31:40.800,87.0,-3.1315338147130527
1900-01-01 13:31:40.900,-27.0,-7.82974403197093
1900-01-01 13:31:41.000,0.0,0.0
1900-01-01 13:31:41.100,0.0,0.0
1900-01-01 13:31:41.200,0.0,0.0
1900-01-01 13:31:41.300,0.0,0.2696635669491023
1900-01-01 13:31:41.400,0.0,0.0
1900-01-01 13:31:41.500,-8.0,-0.572234251894634
1900-01-01 13:31:41.600,0.0,0.0
1900-01-01 13:31:41.700,-361.0,-3.68455979296942
1900-01-01 13:31:41.800,16.0,-4.607197685870653
1900-01-01 13:31:41.900,0.0,0.0
1900-01-01 13:31:42.000,0.0,0.0
1900-01-01 13:31:42.100,0.0,0.0
1900-01-01 13:31:42.200,0.0,0.2900738458952512
1900-01-01 13:31:42.300,60.0,-1.428820329408493
1900-01-01 13:31:42.400,-62.0,-6.494568124780063
1900-01-01 13:31:42.500,5.0,12.274782048272227
1900-01-01 13:31:42.600,55.0,3.2357143892310307
1900-01-01 13:31:42.700,0.0,0.0
1900-01-01 13:31:42.800,-2.0,0.2683403778708326
1900-01-01 13:31:42.900,-58.0,0.0535634429220897
1900-01-01 13:31:43.000,0.0,0.0
1900-01-01 13:31:43.100,27.0,-0.4256364669719441
1900-01-01 13:31:43.200,0.0,0.1030590186695477
1900-01-01 13:31:43.300,9.0,-0.1769495947920645
1900-01-01 13:31:43.400,1.0,-0.429962907846424
1900-01-01 13:31:43.500,-2.0,-0.2812073522689702
1900-01-01 13:31:43.600,-9.0,-0.1809711176960831
1900-01-01 13:31:43.700,2.0,0.1521506791605911
1900-01-01 13:31:43.800,9.0,-7.356553511796675
1900-01-01 13:31:43.900,-1.0,0.0723206615796261
1900-01-01 13:31:44.000,0.0,0.0
1900-01-01 13:31:44.100,-27.0,4.576966655427049
1900-01-01 13:31:44.200,0.0,-4.804021044733257
1900-01-01 13:31:44.300,2.0,-8.701671832128183
1900-01-01 13:31:44.400,45.0,7.660471757966341
1900-01-01 13:31:44.500,0.0,0.0
1900-01-01 13:31:44.600,-1.0,-5.118352477634213
1900-01-01 13:31:44.700,0.0,0.0
1900-01-01 13:31:44.800,0.0,0.0
1900-01-01 13:31:44.900,-150.0,6.222576268071369
1900-01-01 13:31:45.000,0.0,0.0
1900-01-01 13:31:45.100,0.0,-2.23067251140376
1900-01-01 13:31:45.200,0.0,0.0
1900-01-01 13:31:45.300,0.0,0.2045123363368608
1900-01-01 13:31:45.400,0.0,-0.3424866686052392
1900-01-01 13:31:45.500,-16.0,0.0340223969334751
1900-01-01 13:31:45.600,-24.0,-0.1608643123798745
1900-01-01 13:31:45.700,23.0,-2.494943827660199
1900-01-01 13:31:45.800,-11.0,-5.405188368753438
1900-01-01 13:31:45.900,0.0,0.0
1900-01-01 13:31:46.000,0.0,0.0
1900-01-01 13:31:46.100,0.0,0.0
1900-01-01 13:31:46.200,5.0,0.0
1900-01-01 13:31:46.300,0.0,0.0
1900-01-01 13:31:46.400,-34.0,8.101677747454572
1900-01-01 13:31:46.500,131.0,-1.1278648315055462
1900-01-01 13:31:46.600,34.0,0.905599131494402
1900-01-01 13:31:46.700,2.0,0.1167904797436314
1900-01-01 13:31:46.800,-5.0,8.563031635120824
1900-01-01 13:31:46.900,-47.0,-8.302017809751204
1900-01-01 13:31:47.000,0.0,0.0
1900-01-01 13:31:47.100,0.0,8.624791202014254
1900-01-01 13:31:47.200,0.0,0.3019899302270614
1900-01-01 13:31:47.300,0.0,0.2672422229418738
1900-01-01 13:31:47.400,120.0,-0.024381742018503
1900-01-01 13:31:47.500,-26.0,-0.6226296503597699
1900-01-01 13:31:47.600,51.0,-8.001359784457074
1900-01-01 13:31:47.700,-5.0,0.0203742191951374
1900-01-01 13:31:47.800,0.0,0.0
1900-01-01 13:31:47.900,87.0,-0.6871346445818882
1900-01-01 13:31:48.000,0.0,0.0
1900-01-01 13:31:48.100,22.0,-8.201934351194222
1900-01-01 13:31:48.200,-95.0,1.5790513028658633
1900-01-01 13:31:48.300,96.0,7.622860784623794
1900-01-01 13:31:48.400,0.0,0.0
1900-01-01 13:31:48.500,0.0,0.0
1900-01-01 13:31:48.600,-50.0,-0.9343092373768334
1900-01-01 13:31:48.700,18.0,-1.8123787564307907
1900-01-01 13:31:48.800,-148.0,0.9473813189441866
1900-01-01 13:31:48.900,5.0,-0.6619642531232577
1900-01-01 13:31:49.000,0.0,0.0
1900-01-01 13:31:49.100,3.0,-0.6493296770598906
1900-01-01 13:31:49.200,18.0,0.347697945099398
1900-01-01 13:31:49.300,-14.0,5.54506083320312
1900-01-01 13:31:49.400,2.0,2.227996236002973
1900-01-01 13:31:49.500,0.0,0.0
1900-01-01 13:31:49.600,7.0,-7.865217944140834
1900-01-01 13:31:49.700,27.0,2.0791973712476617
1900-01-01 13:31:49.800,0.0,0.0
1900-01-01 13:31:49.900,22.0,-2.2503993398234754
1900-01-01 13:31:50.000,0.0,0.0
1900-01-01 13:31:50.100,14.0,0.0968498259899171
1900-01-01 13:31:50.200,0.0,0.0
1900-01-01 13:31:50.300,0.0,0.2038586419383379
1900-01-01 13:31:50.400,0.0,0.0
1900-01-01 13:31:50.500,-80.0,7.382039506109431
1900-01-01 13:31:50.600,32.0,-6.458338283344791
1900-01-01 13:31:50.700,0.0,0.0
1900-01-01 13:31:50.800,0.0,7.098375638590787
1900-01-01 13:31:50.900,-24.0,-0.0370412716803492
1900-01-01 13:31:51.000,0.0,0.0
1900-01-01 13:31:51.100,0.0,0.0
1900-01-01 13:31:51.200,131.0,-1.443689440361621
1900-01-01 13:31:51.300,101.0,0.1837952790051957
1900-01-01 13:31:51.400,13.0,1.1115156935040171
1900-01-01 13:31:51.500,0.0,0.2959808752664763
1900-01-01 13:31:51.600,105.0,-8.047372402597029
1900-01-01 13:31:51.700,5.0,-3.347952867143343
1900-01-01 13:31:51.800,0.0,0.0
1900-01-01 13:31:51.900,63.0,-1.7775748342360984
1900-01-01 13:31:52.000,0.0,0.0
1900-01-01 13:31:52.100,0.0,0.0
1900-01-01 13:31:52.200,1.0,-2.9302543441744837
1900-01-01 13:31:52.300,-28.0,7.480213798190221
1900-01-01 13:31:52.400,0.0,0.0625203569813335
1900-01-01 13:31:52.500,0.0,0.1394282939263087
1900-01-01 13:31:52.600,0.0,0.3631600509732027
1900-01-01 13:31:52.700,0.0,-0.1589749210630446
1900-01-01 13:31:52.800,0.0,-0.1722756107657161
1900-01-01 13:31:52.900,-42.0,0.2059360533383598
1900-01-01 13:31:53.000,0.0,0.0
1900-01-01 13:31:53.100,0.0,-0.0630325208849749
1900-01-01 13:31:53.200,0.0,0.2513144282809061
1900-01-01 13:31:53.300,0.0,0.0
1900-01-01 13:31:53.400,0.0,-0.1843710694039315
1900-01-01 13:31:53.500,58.0,-0.2342416139723138
1900-01-01 13:31:53.600,-82.0,1.5378442592470911
1900-01-01 13:31:53.700,75.0,1.2669476034873244
1900-01-01 13:31:53.800,0.0,-0.5877866649021193
1900-01-01 13:31:53.900,0.0,-0.693147180559945
1900-01-01 13:31:54.000,0.0,0.0
1900-01-01 13:31:54.100,0.0,0.0
1900-01-01 13:31:54.200,71.0,1.4799798451972144
1900-01-01 13:31:54.300,0.0,0.0
1900-01-01 13:31:54.400,0.0,-1.651997526852896
1900-01-01 13:31:54.500,-31.0,-0.6712677713786888
1900-01-01 13:31:54.600,0.0,0.0
1900-01-01 13:31:54.700,0.0,0.0
1900-01-01 13:31:54.800,-69.0,-0.5257212435017253
1900-01-01 13:31:54.900,0.0,0.0
1900-01-01 13:31:55.000,0.0,0.0
1900-01-01 13:31:55.100,-16.0,-0.169766382811062
1900-01-01 13:31:55.200,-14.0,0.7957504567218856
1900-01-01 13:31:55.300,-2.0,-0.6853650401178903
1900-01-01 13:31:55.400,0.0,0.6773611555452295
1900-01-01 13:31:55.500,0.0,0.0
1900-01-01 13:31:55.600,0.0,0.0
1900-01-01 13:31:55.700,0.0,-0.0397126374068688
1900-01-01 13:31:55.800,-28.0,-0.1396306629882509
1900-01-01 13:31:55.900,0.0,0.0
1900-01-01 13:31:56.000,0.0,0.0
1900-01-01 13:31:56.100,0.0,0.0
1900-01-01 13:31:56.200,0.0,0.0
1900-01-01 13:31:56.300,0.0,0.0
1900-01-01 13:31:56.400,0.0,0.0
1900-01-01 13:31:56.500,0.0,0.0
1900-01-01 13:31:56.600,-33.0,7.267188814129103
1900-01-01 13:31:56.700,0.0,0.5108256237659905
1900-01-01 13:31:56.800,0.0,-0.2857232079664484
1900-01-01 13:31:56.900,70.0,1.93939546803412
1900-01-01 13:31:57.000,0.0,0.0
1900-01-01 13:31:57.100,0.0,0.0
1900-01-01 13:31:57.200,41.0,-1.4340268837311867
1900-01-01 13:31:57.300,0.0,0.0
1900-01-01 13:31:57.400,0.0,0.0
1900-01-01 13:31:57.500,0.0,0.0
1900-01-01 13:31:57.600,0.0,-0.0986511278783024
1900-01-01 13:31:57.700,0.0,0.0
1900-01-01 13:31:57.800,9.0,2.843079084323728
1900-01-01 13:31:57.900,0.0,0.0
1900-01-01 13:31:58.000,0.0,0.0
1900-01-01 13:31:58.100,-17.0,5.048002438600214
1900-01-01 13:31:58.200,-93.0,-7.901418489973949
1900-01-01 13:31:58.300,57.0,-4.126040293032233
1900-01-01 13:31:58.400,-53.0,-1.5950491749820013
1900-01-01 13:31:58.500,43.0,8.292980887371051
1900-01-01 13:31:58.600,4.0,-8.361240889642351
1900-01-01 13:31:58.700,0.0,0.0
1900-01-01 13:31:58.800,0.0,0.1153514235160111
1900-01-01 13:31:58.900,50.0,9.418113572137695
1900-01-01 13:31:59.000,0.0,0.0
1900-01-01 13:31:59.100,0.0,-3.77045944110636
1900-01-01 13:31:59.200,0.0,0.0
1900-01-01 13:31:59.300,0.0,0.0
1900-01-01 13:31:59.400,0.0,0.3069189288700684
1900-01-01 13:31:59.500,0.0,0.4132873998038828
1900-01-01 13:31:59.600,-89.0,4.29949122708434
1900-01-01 13:31:59.700,3.0,-4.787491742782046
1900-01-01 13:31:59.800,32.0,-7.613650852364249
1900-01-01 13:31:59.900,-44.0,4.5736795188967205
1900-01-01 13:32:00.000,0.0,0.0
1900-01-01 13:32:00.100,6.0,2.094205980609661
1900-01-01 13:32:00.200,-102.0,-0.1465279654517037
1900-01-01 13:32:00.300,-27.0,-6.702538317181753
1900-01-01 13:32:00.400,-39.0,-0.4356912247286013
1900-01-01 13:32:00.500,17.0,-0.273888750319446
1900-01-01 13:32:00.600,0.0,0.0
1900-01-01 13:32:00.700,4.0,-0.2498402782824524
1900-01-01 13:32:00.800,0.0,0.0
1900-01-01 13:32:00.900,0.0,-0.7412044755137255
1900-01-01 13:32:01.000,0.0,0.0
1900-01-01 13:32:01.100,-75.0,1.5296260583427053
1900-01-01 13:32:01.200,-33.0,2.110213200346589
1900-01-01 13:32:01.300,83.0,3.7622180754993457
1900-01-01 13:32:01.400,-18.0,-6.396929655216146
1900-01-01 13:32:01.500,-16.0,0.2895356411011032
1900-01-01 13:32:01.600,0.0,-0.0666371577944922
1900-01-01 13:32:01.700,0.0,0.1223477648084978
1900-01-01 13:32:01.800,0.0,0.0
1900-01-01 13:32:01.900,0.0,0.0
1900-01-01 13:32:02.000,0.0,0.0
1900-01-01 13:32:02.100,0.0,-0.4381380470551526
1900-01-01 13:32:02.200,0.0,0.0
1900-01-01 13:32:02.300,52.0,0.9885632436114632
1900-01-01 13:32:02.400,0.0,-0.7108467576593469
1900-01-01 13:32:02.500,0.0,7.653969180478775
1900-01-01 13:32:02.600,-63.0,-0.0159702783644912
1900-01-01 13:32:02.700,-83.0,-2.91297086840403
1900-01-01 13:32:02.800,0.0,0.0
1900-01-01 13:32:02.900,-305.0,12.549403513389006
1900-01-01 13:32:03.000,0.0,0.0
1900-01-01 13:32:03.100,-32.0,-0.4141987880769191
1900-01-01 13:32:03.200,0.0,0.0
1900-01-01 13:32:03.300,0.0,0.3141153295199368
1900-01-01 13:32:03.400,0.0,0.0
1900-01-01 13:32:03.500,-2.0,0.3325583373000769
1900-01-01 13:32:03.600,-144.0,0.5147395230871266
1900-01-01 13:32:03.700,-48.0,7.348334318290929
1900-01-01 13:32:03.800,3.0,0.0201071232990948
1900-01-01 13:32:03.900,-39.0,0.0110664659075561
1900-01-01 13:32:04.000,0.0,0.0
1900-01-01 13:32:04.100,-44.0,-0.7877837328547956
1900-01-01 13:32:04.200,-1.0,0.7642431022436753
1900-01-01 13:32:04.300,16.0,0.1912683427837609
1900-01-01 13:32:04.400,0.0,0.0
1900-01-01 13:32:04.500,12.0,0.1753039841353079
1900-01-01 13:32:04.600,24.0,-0.223085829590623
1900-01-01 13:32:04.700,40.0,-3.573220186255536
1900-01-01 13:32:04.800,50.0,2.6644670451406256
1900-01-01 13:32:04.900,0.0,0.0
1900-01-01 13:32:05.000,0.0,0.0
1900-01-01 13:32:05.100,-1.0,-5.4731548470270415
1900-01-01 13:32:05.200,-30.0,-1.8546732946386248
1900-01-01 13:32:05.300,0.0,0.495646059859073
1900-01-01 13:32:05.400,0.0,0.0
1900-01-01 13:32:05.500,-13.0,-0.7150545744242547
1900-01-01 13:32:05.600,-1.0,0.0
1900-01-01 13:32:05.700,-81.0,1.3930559891762058
1900-01-01 13:32:05.800,13.0,7.028101536947787
1900-01-01 13:32:05.900,0.0,0.0
1900-01-01 13:32:06.000,0.0,0.0
1900-01-01 13:32:06.100,0.0,0.0438408445748441
1900-01-01 13:32:06.200,70.0,3.7333312166847694
1900-01-01 13:32:06.300,9.0,-0.7777045685880086
1900-01-01 13:32:06.400,0.0,0.0
1900-01-01 13:32:06.500,0.0,0.0
1900-01-01 13:32:06.600,0.0,-2.788295317439529
1900-01-01 13:32:06.700,0.0,0.0
1900-01-01 13:32:06.800,-121.0,-2.745588120421275
1900-01-01 13:32:06.900,0.0,0.0
1900-01-01 13:32:07.000,0.0,0.0
1900-01-01 13:32:07.100,0.0,-2.90264185048798
1900-01-01 13:32:07.200,0.0,4.04305126783455
1900-01-01 13:32:07.300,0.0,-6.848681797275624
1900-01-01 13:32:07.400,-120.0,3.270993779130307
1900-01-01 13:32:07.500,-72.0,-1.8034555089912456
1900-01-01 13:32:07.600,-12.0,-1.3614147652372668
1900-01-01 13:32:07.700,37.0,-0.3361304147071
1900-01-01 13:32:07.800,0.0,0.0
1900-01-01 13:32:07.900,20.0,0.1383046713771794
1900-01-01 13:32:08.000,0.0,0.0
1900-01-01 13:32:08.100,4.0,7.170696300170414
1900-01-01 13:32:08.200,10.0,0.3429447511268302
1900-01-01 13:32:08.300,0.0,0.0
1900-01-01 13:32:08.400,-1.0,1.8509483406183855
1900-01-01 13:32:08.500,0.0,0.0
1900-01-01 13:32:08.600,0.0,0.6225296133459919
1900-01-01 13:32:08.700,0.0,0.0
1900-01-01 13:32:08.800,-7.0,-1.033116371574211
1900-01-01 13:32:08.900,0.0,0.0
1900-01-01 13:32:09.000,0.0,0.0
1900-01-01 13:32:09.100,-29.0,0.2664984430514026
1900-01-01 13:32:09.200,0.0,0.0
1900-01-01 13:32:09.300,0.0,-0.964922680712192
1900-01-01 13:32:09.400,-20.0,-2.778819271990417
1900-01-01 13:32:09.500,0.0,0.0
1900-01-01 13:32:09.600,0.0,0.0
1900-01-01 13:32:09.700,137.0,-5.031709665677093
1900-01-01 13:32:09.800,0.0,0.0
1900-01-01 13:32:09.900,0.0,0.0
1900-01-01 13:32:10.000,0.0,0.0
1900-01-01 13:32:10.100,10.0,-0.2020781552300312
1900-01-01 13:32:10.200,-7.0,-0.1240106897477577
1900-01-01 13:32:10.300,-13.0,0.8241754429663497
1900-01-01 13:32:10.400,0.0,0.0
1900-01-01 13:32:10.500,-5.0,-0.1124241171765763
1900-01-01 13:32:10.600,0.0,0.0
1900-01-01 13:32:10.700,132.0,-6.22122998713517
1900-01-01 13:32:10.800,4.0,-0.726299387876846
1900-01-01 13:32:10.900,0.0,0.0
1900-01-01 13:32:11.000,0.0,0.0
1900-01-01 13:32:11.100,0.0,0.0
1900-01-01 13:32:11.200,52.0,-3.0253809674761203
1900-01-01 13:32:11.300,3.0,-0.2754119798599665
1900-01-01 13:32:11.400,0.0,0.0
1900-01-01 13:32:11.500,0.0,3.6949585001903182
1900-01-01 13:32:11.600,0.0,5.220355825078324
1900-01-01 13:32:11.700,191.0,-6.909836445185961
1900-01-01 13:32:11.800,44.0,-0.5260930958967789
1900-01-01 13:32:11.900,0.0,0.0
1900-01-01 13:32:12.000,0.0,0.0
1900-01-01 13:32:12.100,-20.0,1.1744026866031154
1900-01-01 13:32:12.200,0.0,0.0
1900-01-01 13:32:12.300,0.0,-1.4291760886031564
1900-01-01 13:32:12.400,0.0,0.2648124223722665
1900-01-01 13:32:12.500,0.0,0.0
1900-01-01 13:32:12.600,0.0,0.0
1900-01-01 13:32:12.700,19.0,0.4982817371795054
1900-01-01 13:32:12.800,-123.0,-29.066450416088276
1900-01-01 13:32:12.900,-27.0,0.6087547487599432
1900-01-01 13:32:13.000,0.0,0.0
1900-01-01 13:32:13.100,112.0,-10.032231675619803
1900-01-01 13:32:13.200,61.0,0.2158302612462677
1900-01-01 13:32:13.300,-9.0,1.0312206985481311
1900-01-01 13:32:13.400,-1.0,-0.1088754577652704
1900-01-01 13:32:13.500,-5.0,-0.3149387890110899
1900-01-01 13:32:13.600,31.0,2.809668128786208
1900-01-01 13:32:13.700,-6.0,5.591290648387298
1900-01-01 13:32:13.800,-54.0,-0.1220804208689303
1900-01-01 13:32:13.900,16.0,0.1946283810061886
1900-01-01 13:32:14.000,0.0,0.0
1900-01-01 13:32:14.100,44.0,0.0
1900-01-01 13:32:14.200,6.0,0.0823256192055934
1900-01-01 13:32:14.300,0.0,0.0
1900-01-01 13:32:14.400,0.0,0.3155761513027544
1900-01-01 13:32:14.500,0.0,-0.0283585470432523
1900-01-01 13:32:14.600,-33.0,8.310428436888172
1900-01-01 13:32:14.700,-28.0,0.2372475636604156
1900-01-01 13:32:14.800,27.0,6.179021557970204
1900-01-01 13:32:14.900,0.0,0.0
1900-01-01 13:32:15.000,0.0,0.0
1900-01-01 13:32:15.100,-83.0,-2.794746055596109
1900-01-01 13:32:15.200,0.0,0.0
1900-01-01 13:32:15.300,8.0,2.4219928243774307
1900-01-01 13:32:15.400,-27.0,0.5690945318899665
1900-01-01 13:32:15.500,0.0,-5.857933154483459
1900-01-01 13:32:15.600,0.0,0.0
1900-01-01 13:32:15.700,34.0,-0.1484200051182731
1900-01-01 13:32:15.800,-11.0,0.0901510969942971
1900-01-01 13:32:15.900,0.0,-0.0705639637189929
1900-01-01 13:32:16.000,0.0,0.0
1900-01-01 13:32:16.100,0.0,-0.2388919082823477
1900-01-01 13:32:16.200,0.0,0.0
1900-01-01 13:32:16.300,0.0,-0.3078266385442485
1900-01-01 13:32:16.400,0.0,-0.0152674721307883
1900-01-01 13:32:16.500,0.0,0.0229895182246986
1900-01-01 13:32:16.600,0.0,0.0
1900-01-01 13:32:16.700,-25.0,-9.745956164549392
1900-01-01 13:32:16.800,-101.0,2.192577486122574
1900-01-01 13:32:16.900,0.0,0.0
1900-01-01 13:32:17.000,0.0,0.0
1900-01-01 13:32:17.100,41.0,-1.0323629031269084
1900-01-01 13:32:17.200,15.0,-4.368685017736307
1900-01-01 13:32:17.300,1.0,5.703782474656201
1900-01-01 13:32:17.400,2.0,0.1220814764165987
1900-01-01 13:32:17.500,3.0,0.1854032233313622
1900-01-01 13:32:17.600,-71.0,1.2399387057591411
1900-01-01 13:32:17.700,0.0,0.0
1900-01-01 13:32:17.800,-181.0,-1.186515328668221
1900-01-01 13:32:17.900,-60.0,6.206459943393259
1900-01-01 13:32:18.000,0.0,0.0
1900-01-01 13:32:18.100,55.0,1.5314763709643886
1900-01-01 13:32:18.200,0.0,0.0926038182065815
1900-01-01 13:32:18.300,0.0,-6.095396869470069
1900-01-01 13:32:18.400,0.0,0.0
1900-01-01 13:32:18.500,78.0,1.0116009116784803
1900-01-01 13:32:18.600,0.0,2.1443021758818777
1900-01-01 13:32:18.700,0.0,-1.791759469228055
1900-01-01 13:32:18.800,0.0,3.3011428610116624
1900-01-01 13:32:18.900,0.0,2.069480855743469
1900-01-01 13:32:19.000,0.0,0.0
1900-01-01 13:32:19.100,-110.0,-5.157108223637014
1900-01-01 13:32:19.200,0.0,-2.7806208939370443
1900-01-01 13:32:19.300,-36.0,0.5141645250315059
1900-01-01 13:32:19.400,46.0,7.20996670399925
1900-01-01 13:32:19.500,121.0,-7.573831894441394
1900-01-01 13:32:19.600,0.0,0.0
1900-01-01 13:32:19.700,-47.0,1.326636874688234
1900-01-01 13:32:19.800,-2.0,5.712808285863513
1900-01-01 13:32:19.900,0.0,0.0
1900-01-01 13:32:20.000,0.0,0.0
1900-01-01 13:32:20.100,0.0,-0.5173229886199446
1900-01-01 13:32:20.200,0.0,0.7058862063373752
1900-01-01 13:32:20.300,0.0,0.605052966431483
1900-01-01 13:32:20.400,127.0,0.3227241182337401
1900-01-01 13:32:20.500,2.0,-0.0253178079842899
1900-01-01 13:32:20.600,134.0,6.457732957236103
1900-01-01 13:32:20.700,0.0,-3.816418664715685
1900-01-01 13:32:20.800,0.0,-1.3599770528025166
1900-01-01 13:32:20.900,63.0,4.916467318870708
1900-01-01 13:32:21.000,0.0,0.0
1900-01-01 13:32:21.100,1.0,-5.703782474656201
1900-01-01 13:32:21.200,-16.0,-1.2119409739751128
1900-01-01 13:32:21.300,-15.0,7.083667450590907
1900-01-01 13:32:21.400,153.0,-3.1755592289508443
1900-01-01 13:32:21.500,2.0,-3.1653471790788315
1900-01-01 13:32:21.600,0.0,0.0
1900-01-01 13:32:21.700,102.0,6.854226633192768
1900-01-01 13:32:21.800,32.0,-6.8985004637776335
1900-01-01 13:32:21.900,0.0,0.0
1900-01-01 13:32:22.000,0.0,0.0
1900-01-01 13:32:22.100,0.0,0.0
1900-01-01 13:32:22.200,0.0,0.0
1900-01-01 13:32:22.300,-127.0,0.0124005131984556
1900-01-01 13:32:22.400,0.0,0.0
1900-01-01 13:32:22.500,0.0,0.0
1900-01-01 13:32:22.600,0.0,0.0
1900-01-01 13:32:22.700,45.0,0.5736020299101625
1900-01-01 13:32:22.800,-38.0,-0.3409265869705935
1900-01-01 13:32:22.900,0.0,-0.4418327522790388
1900-01-01 13:32:23.000,0.0,0.0
1900-01-01 13:32:23.100,0.0,0.0
1900-01-01 13:32:23.200,7.0,-0.0265592730723547
1900-01-01 13:32:23.300,0.0,0.0
1900-01-01 13:32:23.400,230.0,7.550539480199701
1900-01-01 13:32:23.500,-73.0,-1.642227735257091
1900-01-01 13:32:23.600,0.0,0.0
1900-01-01 13:32:23.700,0.0,0.0
1900-01-01 13:32:23.800,0.0,0.0
1900-01-01 13:32:23.900,-30.0,-7.25327735112327
1900-01-01 13:32:24.000,0.0,0.0
1900-01-01 13:32:24.100,0.0,1.324506873354209
1900-01-01 13:32:24.200,-21.0,0.5519386362274776
1900-01-01 13:32:24.300,-2.0,0.2097205309820689
1900-01-01 13:32:24.400,0.0,-0.8502347200605134
1900-01-01 13:32:24.500,0.0,0.30653438743099
1900-01-01 13:32:24.600,0.0,-0.2398430129323174
1900-01-01 13:32:24.700,-76.0,2.171691275331054
1900-01-01 13:32:24.800,0.0,-0.0943106794712409
1900-01-01 13:32:24.900,0.0,-2.363034106767181
1900-01-01 13:32:25.000,0.0,0.0
1900-01-01 13:32:25.100,0.0,0.0
1900-01-01 13:32:25.200,0.0,0.0443816055945704
1900-01-01 13:32:25.300,0.0,-0.0011743982559409
1900-01-01 13:32:25.400,-51.0,0.0139862419747398
1900-01-01 13:32:25.500,111.0,-0.704314136765404
1900-01-01 13:32:25.600,196.0,1.0613915761814954
1900-01-01 13:32:25.700,5.0,0.8834369070030772
1900-01-01 13:32:25.800,31.0,-0.9687818673581536
1900-01-01 13:32:25.900,-6.0,3.4566720627003096
1900-01-01 13:32:26.000,0.0,0.0
1900-01-01 13:32:26.100,0.0,0.0
1900-01-01 13:32:26.200,0.0,0.0
1900-01-01 13:32:26.300,-2.0,-3.900634876732985
1900-01-01 13:32:26.400,-3.0,0.2200618847768023
1900-01-01 13:32:26.500,0.0,-0.1842332377431885
1900-01-01 13:32:26.600,-55.0,-0.0706077285193513
1900-01-01 13:32:26.700,0.0,0.0
1900-01-01 13:32:26.800,70.0,-5.301859960125716
1900-01-01 13:32:26.900,0.0,0.0
1900-01-01 13:32:27.000,0.0,0.0
1900-01-01 13:32:27.100,0.0,5.159055299214529
1900-01-01 13:32:27.200,-21.0,0.0984400728132524
1900-01-01 13:32:27.300,0.0,-0.2091637553173404
1900-01-01 13:32:27.400,-142.0,-6.819276890207928
1900-01-01 13:32:27.500,0.0,0.0
1900-01-01 13:32:27.600,0.0,0.0
1900-01-01 13:32:27.700,15.0,6.606931678107182
1900-01-01 13:32:27.800,6.0,-0.0912368544166892
1900-01-01 13:32:27.900,83.0,-7.430622397784941
1900-01-01 13:32:28.000,0.0,0.0
1900-01-01 13:32:28.100,0.0,0.0
1900-01-01 13:32:28.200,0.0,0.0
1900-01-01 13:32:28.300,-7.0,0.0
1900-01-01 13:32:28.400,0.0,0.0
1900-01-01 13:32:28.500,0.0,0.0
1900-01-01 13:32:28.600,0.0,0.0
1900-01-01 13:32:28.700,-3.0,-0.3138844448458049
1900-01-01 13:32:28.800,-18.0,0.1003103445477457
1900-01-01 13:32:28.900,0.0,0.0
1900-01-01 13:32:29.000,0.0,0.0
1900-01-01 13:32:29.100,0.0,0.0
1900-01-01 13:32:29.200,-100.0,0.1431012922843226
1900-01-01 13:32:29.300,0.0,0.0
1900-01-01 13:32:29.400,-12.0,0.0863398604562815
1900-01-01 13:32:29.500,0.0,-0.6846774034764609
1900-01-01 13:32:29.600,0.0,0.2688135881473981
1900-01-01 13:32:29.700,-19.0,0.0176995770994015
1900-01-01 13:32:29.800,3.0,-0.289413246372451
1900-01-01 13:32:29.900,0.0,0.0
1900-01-01 13:32:30.000,0.0,0.0
1900-01-01 13:32:30.100,0.0,0.0
1900-01-01 13:32:30.200,0.0,0.0
1900-01-01 13:32:30.300,7.0,-8.663134574017938
1900-01-01 13:32:30.400,23.0,0.0362197522390475
1900-01-01 13:32:30.500,32.0,-0.6619593347558603
1900-01-01 13:32:30.600,0.0,0.2750821224157871
1900-01-01 13:32:30.700,6.0,6.739619789231769
1900-01-01 13:32:30.800,0.0,1.5633604118176063
1900-01-01 13:32:30.900,0.0,-0.0274572203948473
1900-01-01 13:32:31.000,0.0,0.0
1900-01-01 13:32:31.100,0.0,-8.03073492409854
1900-01-01 13:32:31.200,0.0,0.0
1900-01-01 13:32:31.300,0.0,0.3175609735544968
1900-01-01 13:32:31.400,0.0,-0.9395394994613842
1900-01-01 13:32:31.500,17.0,0.4526497964162477
1900-01-01 13:32:31.600,0.0,0.0
1900-01-01 13:32:31.700,0.0,-0.355011326852332
1900-01-01 13:32:31.800,0.0,0.0
1900-01-01 13:32:31.900,-17.0,6.970195421164618
1900-01-01 13:32:32.000,0.0,0.0
1900-01-01 13:32:32.100,0.0,-6.828712071641684
1900-01-01 13:32:32.200,0.0,0.0
1900-01-01 13:32:32.300,-67.0,0.0425107086845892
1900-01-01 13:32:32.400,0.0,0.0
1900-01-01 13:32:32.500,0.0,0.0
1900-01-01 13:32:32.600,0.0,0.0
1900-01-01 13:32:32.700,0.0,0.0
1900-01-01 13:32:32.800,0.0,-0.167944891076492
1900-01-01 13:32:32.900,-20.0,3.4477662719579896
1900-01-01 13:32:33.000,0.0,0.0
1900-01-01 13:32:33.100,93.0,5.397108405162847
1900-01-01 13:32:33.200,0.0,0.0
1900-01-01 13:32:33.300,0.0,0.0
1900-01-01 13:32:33.400,-89.0,7.958535767632563
1900-01-01 13:32:33.500,199.0,8.752053470077081
1900-01-01 13:32:33.600,0.0,0.0
1900-01-01 13:32:33.700,18.0,0.6993777303105815
1900-01-01 13:32:33.800,-125.0,5.546208651653193
1900-01-01 13:32:33.900,-29.0,11.588014094515128
1900-01-01 13:32:34.000,0.0,0.0
1900-01-01 13:32:34.100,-4.0,-3.123218646091185
1900-01-01 13:32:34.200,0.0,0.0
1900-01-01 13:32:34.300,-41.0,0.1677602716751347
1900-01-01 13:32:34.400,76.0,-1.2600276683021887
1900-01-01 13:32:34.500,46.0,0.4000512182640836
1900-01-01 13:32:34.600,51.0,3.5263605246161616
1900-01-01 13:32:34.700,0.0,0.0
1900-01-01 13:32:34.800,149.0,0.0145987994211518
1900-01-01 13:32:34.900,2.0,0.9564606619947686
1900-01-01 13:32:35.000,0.0,0.0
1900-01-01 13:32:35.100,-38.0,-3.5994374395663367
1900-01-01 13:32:35.200,0.0,3.9030243049644446
1900-01-01 13:32:35.300,0.0,0.0
1900-01-01 13:32:35.400,82.0,8.128243784869372
1900-01-01 13:32:35.500,-32.0,0.2382337970378003
1900-01-01 13:32:35.600,218.0,5.400597956523093
1900-01-01 13:32:35.700,137.0,-5.049856007249537
1900-01-01 13:32:35.800,-90.0,0.9205146029903402
1900-01-01 13:32:35.900,0.0,0.0
1900-01-01 13:32:36.000,0.0,0.0
1900-01-01 13:32:36.100,3.0,-1.3617688189500892
1900-01-01 13:32:36.200,12.0,0.2801348668163967
1900-01-01 13:32:36.300,0.0,0.0
1900-01-01 13:32:36.400,-32.0,7.520940556684557
1900-01-01 13:32:36.500,0.0,0.0
1900-01-01 13:32:36.600,25.0,0.7427219661897948
1900-01-01 13:32:36.700,0.0,0.0
1900-01-01 13:32:36.800,0.0,0.0
1900-01-01 13:32:36.900,0.0,0.0
1900-01-01 13:32:37.000,0.0,0.0
1900-01-01 13:32:37.100,-3.0,0.1327467711641041
1900-01-01 13:32:37.200,23.0,-0.3499555869584996
1900-01-01 13:32:37.300,13.0,-8.039404232947854
1900-01-01 13:32:37.400,-1.0,0.0370412716803492
1900-01-01 13:32:37.500,21.0,0.0
1900-01-01 13:32:37.600,0.0,0.0
1900-01-01 13:32:37.700,0.0,-1.2071607508021227
1900-01-01 13:32:37.800,0.0,0.5857054986982941
1900-01-01 13:32:37.900,6.0,0.264528767477064
1900-01-01 13:32:38.000,0.0,0.0
1900-01-01 13:32:38.100,116.0,8.02009283789111
1900-01-01 13:32:38.200,0.0,0.0
1900-01-01 13:32:38.300,18.0,-7.944549458870446
1900-01-01 13:32:38.400,0.0,0.0
1900-01-01 13:32:38.500,-5.0,0.1640373552990652
1900-01-01 13:32:38.600,0.0,0.0
1900-01-01 13:32:38.700,0.0,0.0
1900-01-01 13:32:38.800,-14.0,-0.3009113694202781
1900-01-01 13:32:38.900,4.0,0.0624712740950545
1900-01-01 13:32:39.000,0.0,0.0
1900-01-01 13:32:39.100,-3.0,0.0901510969942971
1900-01-01 13:32:39.200,0.0,0.0
1900-01-01 13:32:39.300,112.0,-4.929085782829921
1900-01-01 13:32:39.400,0.0,3.1780538303479458
1900-01-01 13:32:39.500,0.0,-3.597312260588446
1900-01-01 13:32:39.600,0.0,0.0
1900-01-01 13:32:39.700,0.0,0.0
1900-01-01 13:32:39.800,5.0,5.159055299214529
1900-01-01 13:32:39.900,66.0,-0.8547885321163604
1900-01-01 13:32:40.000,0.0,0.0
1900-01-01 13:32:40.100,0.0,-4.7535901911063645
1900-01-01 13:32:40.200,0.0,0.0
1900-01-01 13:32:40.300,-47.0,8.58136227495077
1900-01-01 13:32:40.400,49.0,1.7826269856647818
1900-01-01 13:32:40.500,0.0,0.0
1900-01-01 13:32:40.600,0.0,0.0
1900-01-01 13:32:40.700,0.0,0.0
1900-01-01 13:32:40.800,-35.0,2.251291798606495
1900-01-01 13:32:40.900,21.0,-1.5853555947973983
1900-01-01 13:32:41.000,0.0,0.0
1900-01-01 13:32:41.100,0.0,0.0
1900-01-01 13:32:41.200,0.0,0.0
1900-01-01 13:32:41.300,0.0,0.0
1900-01-01 13:32:41.400,-78.0,-5.515860358305355
1900-01-01 13:32:41.500,0.0,0.0
1900-01-01 13:32:41.600,0.0,0.0
1900-01-01 13:32:41.700,0.0,0.0
1900-01-01 13:32:41.800,0.0,0.0
1900-01-01 13:32:41.900,190.0,-2.602835394318313
1900-01-01 13:32:42.000,0.0,0.0
1900-01-01 13:32:42.100,17.0,-1.927290862519244
1900-01-01 13:32:42.200,0.0,0.0
1900-01-01 13:32:42.300,-9.0,4.787491742782046
1900-01-01 13:32:42.400,0.0,-0.1086338410027951
1900-01-01 13:32:42.500,0.0,0.2682639865946794
1900-01-01 13:32:42.600,0.0,-0.636554217682193
1900-01-01 13:32:42.700,-18.0,5.755038731320826
1900-01-01 13:32:42.800,0.0,0.0
1900-01-01 13:32:42.900,0.0,0.0
1900-01-01 13:32:43.000,0.0,0.0
1900-01-01 13:32:43.100,-5.0,-6.215750303000969
1900-01-01 13:32:43.200,-83.0,-4.836281906951478
1900-01-01 13:32:43.300,81.0,3.906745948327303
1900-01-01 13:32:43.400,-8.0,5.082645830072528
1900-01-01 13:32:43.500,-95.0,-1.7481763132664732
1900-01-01 13:32:43.600,0.0,0.0
1900-01-01 13:32:43.700,22.0,6.736338751510669
1900-01-01 13:32:43.800,-9.0,-0.4163941786403551
1900-01-01 13:32:43.900,0.0,0.0
1900-01-01 13:32:44.000,0.0,0.0
1900-01-01 13:32:44.100,0.0,0.0
1900-01-01 13:32:44.200,0.0,2.0149030205422647
1900-01-01 13:32:44.300,0.0,-0.244649756535173
1900-01-01 13:32:44.400,0.0,-0.1498862810408003
1900-01-01 13:32:44.500,-63.0,-3.666151203036381
1900-01-01 13:32:44.600,-106.0,3.7841896339182615
1900-01-01 13:32:44.700,0.0,-3.0789210928259707
1900-01-01 13:32:44.800,-27.0,-2.3513752571634776
1900-01-01 13:32:44.900,0.0,0.0
1900-01-01 13:32:45.000,0.0,0.0
1900-01-01 13:32:45.100,-9.0,-0.8755261278098825
1900-01-01 13:32:45.200,-42.0,-2.8179591803276867
1900-01-01 13:32:45.300,2.0,-4.816110548087698
1900-01-01 13:32:45.400,0.0,0.0
1900-01-01 13:32:45.500,-6.0,7.407785173301405
1900-01-01 13:32:45.600,0.0,0.0
1900-01-01 13:32:45.700,0.0,0.5484488317299641
1900-01-01 13:32:45.800,-10.0,-1.1114124634350713
1900-01-01 13:32:45.900,95.0,1.5755363607584187
1900-01-01 13:32:46.000,0.0,0.0
1900-01-01 13:32:46.100,0.0,0.0
1900-01-01 13:32:46.200,0.0,0.0
1900-01-01 13:32:46.300,0.0,0.0
1900-01-01 13:32:46.400,0.0,0.0
1900-01-01 13:32:46.500,0.0,0.4047752150142272
1900-01-01 13:32:46.600,31.0,0.2752595524532228
1900-01-01 13:32:46.700,0.0,1.6421073621001605
1900-01-01 13:32:46.800,0.0,0.0
1900-01-01 13:32:46.900,0.0,6.156978985585555
1900-01-01 13:32:47.000,0.0,0.0
1900-01-01 13:32:47.100,10.0,2.1252510777111304
1900-01-01 13:32:47.200,17.0,1.3862943611198904
1900-01-01 13:32:47.300,0.0,0.0
1900-01-01 13:32:47.400,0.0,0.0
1900-01-01 13:32:47.500,13.0,3.737669618283368
1900-01-01 13:32:47.600,-50.0,0.082117536418754
1900-01-01 13:32:47.700,0.0,0.0
1900-01-01 13:32:47.800,0.0,0.4441796202888546
1900-01-01 13:32:47.900,35.0,-4.608191931701943
1900-01-01 13:32:48.000,0.0,0.0
1900-01-01 13:32:48.100,3.0,4.836281906951478
1900-01-01 13:32:48.200,0.0,-0.0270583235420924
1900-01-01 13:32:48.300,22.0,0.1618709463226637
1900-01-01 13:32:48.400,-6.0,0.5467666966689158
1900-01-01 13:32:48.500,-2.0,0.4973574067151238
1900-01-01 13:32:48.600,0.0,0.0
1900-01-01 13:32:48.700,0.0,0.0
1900-01-01 13:32:48.800,-72.0,1.8850474036516125
1900-01-01 13:32:48.900,0.0,5.090516045335719
1900-01-01 13:32:49.000,0.0,0.0
1900-01-01 13:32:49.100,0.0,0.0
1900-01-01 13:32:49.200,-37.0,0.5527898228650225
1900-01-01 13:32:49.300,-11.0,0.3215836241274621
1900-01-01 13:32:49.400,0.0,-0.551600054729434
1900-01-01 13:32:49.500,0.0,0.0
1900-01-01 13:32:49.600,0.0,0.765534666958334
1900-01-01 13:32:49.700,0.0,-0.1424756482467555
1900-01-01 13:32:49.800,0.0,0.2191355299166719
1900-01-01 13:32:49.900,0.0,0.0
1900-01-01 13:32:50.000,0.0,0.0
1900-01-01 13:32:50.100,0.0,7.67786350067821
1900-01-01 13:32:50.200,-18.0,0.4858323330650935
1900-01-01 13:32:50.300,0.0,0.0
1900-01-01 13:32:50.400,0.0,-6.284134161070801
1900-01-01 13:32:50.500,34.0,-2.0497417186928657
1900-01-01 13:32:50.600,0.0,0.5346144857300059
1900-01-01 13:32:50.700,56.0,2.367123614131617
1900-01-01 13:32:50.800,0.0,-0.0112995552539327
1900-01-01 13:32:50.900,0.0,5.048252157667562
1900-01-01 13:32:51.000,0.0,0.0
1900-01-01 13:32:51.100,0.0,0.4466231806016716
1900-01-01 13:32:51.200,0.0,-0.6984123299928457
1900-01-01 13:32:51.300,0.0,0.3518726079481564
1900-01-01 13:32:51.400,-20.0,0.2018861933699707
1900-01-01 13:32:51.500,21.0,8.661696351681217
1900-01-01 13:32:51.600,-115.0,0.3443918439046811
1900-01-01 13:32:51.700,-2.0,0.30902304455598
1900-01-01 13:32:51.800,0.0,0.0
1900-01-01 13:32:51.900,0.0,0.0
1900-01-01 13:32:52.000,0.0,0.0
1900-01-01 13:32:52.100,0.0,0.0
1900-01-01 13:32:52.200,65.0,7.552179955776933
1900-01-01 13:32:52.300,5.0,-0.7815123856220954
1900-01-01 13:32:52.400,41.0,2.0873676069522564
1900-01-01 13:32:52.500,54.0,-8.234665627721714
1900-01-01 13:32:52.600,0.0,0.0
1900-01-01 13:32:52.700,-10.0,8.238008249218403
1900-01-01 13:32:52.800,3.0,0.2151113796169457
1900-01-01 13:32:52.900,0.0,0.0
1900-01-01 13:32:53.000,0.0,0.0
1900-01-01 13:32:53.100,3.0,-7.696468688509245
1900-01-01 13:32:53.200,1.0,0.2577490804916849
1900-01-01 13:32:53.300,-7.0,1.7917594692280552
1900-01-01 13:32:53.400,25.0,-1.0116009116784803
1900-01-01 13:32:53.500,0.0,-1.128465251817791
1900-01-01 13:32:53.600,44.0,-2.0251904799825327
1900-01-01 13:32:53.700,9.0,1.2765841213355995
1900-01-01 13:32:53.800,77.0,0.9480394301887344
1900-01-01 13:32:53.900,0.0,0.0
1900-01-01 13:32:54.000,0.0,0.0
1900-01-01 13:32:54.100,0.0,-1.0249245728769505
1900-01-01 13:32:54.200,0.0,-0.0765085921328001
1900-01-01 13:32:54.300,8.0,8.606485298894999
1900-01-01 13:32:54.400,0.0,0.2399506696305904
1900-01-01 13:32:54.500,77.0,-0.3409265869705931
1900-01-01 13:32:54.600,-1.0,0.1659997883082606
1900-01-01 13:32:54.700,3.0,0.1892419996385279
1900-01-01 13:32:54.800,-2.0,-0.1091992919649915
1900-01-01 13:32:54.900,-52.0,-7.416979621381153
1900-01-01 13:32:55.000,0.0,0.0
1900-01-01 13:32:55.100,2.0,7.576609766973037
1900-01-01 13:32:55.200,-19.0,-6.675823221634848
1900-01-01 13:32:55.300,-15.0,1.859532084309777
1900-01-01 13:32:55.400,0.0,-2.666405499830492
1900-01-01 13:32:55.500,0.0,-0.5594727775669268
1900-01-01 13:32:55.600,-11.0,-0.0215062052209633
1900-01-01 13:32:55.700,0.0,0.3643928320198397
1900-01-01 13:32:55.800,0.0,-0.4128452154057869
1900-01-01 13:32:55.900,-23.0,-0.4073956106382228
1900-01-01 13:32:56.000,9.0,0.0463822651008927
1900-01-01 13:32:56.100,247.0,5.741741357989059
1900-01-01 13:32:56.200,0.0,0.0
1900-01-01 13:32:56.300,0.0,0.0
1900-01-01 13:32:56.400,106.0,0.0988458346366325
1900-01-01 13:32:56.500,0.0,-2.772588722239781
1900-01-01 13:32:56.600,0.0,5.6252201521531
1900-01-01 13:32:56.700,53.0,-4.853741128323247
1900-01-01 13:32:56.800,1.0,4.852030263919617
1900-01-01 13:32:56.900,-106.0,-5.541070662526909
1900-01-01 13:32:57.000,0.0,0.0
1900-01-01 13:32:57.100,0.0,0.0
1900-01-01 13:32:57.200,0.0,0.0
1900-01-01 13:32:57.300,0.0,0.0
1900-01-01 13:32:57.400,0.0,0.0
1900-01-01 13:32:57.500,0.0,5.669191029886583
1900-01-01 13:32:57.600,0.0,-0.1145716935466008
1900-01-01 13:32:57.700,0.0,0.0
1900-01-01 13:32:57.800,0.0,-0.413677020402305
1900-01-01 13:32:57.900,0.0,0.0
1900-01-01 13:32:58.000,0.0,0.0
1900-01-01 13:32:58.100,0.0,-5.6931587272851445
1900-01-01 13:32:58.200,0.0,-2.123116605182497
1900-01-01 13:32:58.300,0.0,2.11021320034659
1900-01-01 13:32:58.400,65.0,5.407435519318696
1900-01-01 13:32:58.500,-40.0,-3.3541784119014992
1900-01-01 13:32:58.600,0.0,0.0
1900-01-01 13:32:58.700,0.0,0.0
1900-01-01 13:32:58.800,-2.0,0.352821374622743
1900-01-01 13:32:58.900,2.0,-2.4849066497880004
1900-01-01 13:32:59.000,0.0,0.0
1900-01-01 13:32:59.100,0.0,-2.757369325876412
1900-01-01 13:32:59.200,-48.0,-1.1821664452738814
1900-01-01 13:32:59.300,-5.0,0.6248953242977127
1900-01-01 13:32:59.400,0.0,0.0
1900-01-01 13:32:59.500,-116.0,2.246720458697217
1900-01-01 13:32:59.600,0.0,2.001480000210124
1900-01-01 13:32:59.700,0.0,0.0
1900-01-01 13:32:59.800,0.0,0.5597996283624505
1900-01-01 13:32:59.900,0.0,-0.1276662731721245
1900-01-01 13:33:00.000,0.0,0.0
1900-01-01 13:33:00.100,-220.0,-0.2120018543461066
1900-01-01 13:33:00.200,1.0,7.356050620159222
1900-01-01 13:33:00.300,0.0,-1.9450491933413483
1900-01-01 13:33:00.400,0.0,-5.073923033332175
1900-01-01 13:33:00.500,0.0,-0.1523894112589192
1900-01-01 13:33:00.600,-213.0,3.0010048985120497
1900-01-01 13:33:00.700,-22.0,-0.3034304294199197
1900-01-01 13:33:00.800,-7.0,-2.185054041715964
1900-01-01 13:33:00.900,-4.0,0.2231435513142097
1900-01-01 13:33:01.000,0.0,0.0
1900-01-01 13:33:01.100,-6.0,-0.8099677522344284
1900-01-01 13:33:01.200,-1.0,-0.0004663091714247
1900-01-01 13:33:01.300,2.0,-0.7485947299962636
1900-01-01 13:33:01.400,68.0,0.3575795120691594
1900-01-01 13:33:01.500,7.0,-0.0934544990999199
1900-01-01 13:33:01.600,0.0,0.0
1900-01-01 13:33:01.700,-229.0,-7.681690321886807
1900-01-01 13:33:01.800,0.0,0.0
1900-01-01 13:33:01.900,0.0,0.1875589211168944
1900-01-01 13:33:02.000,0.0,0.0
1900-01-01 13:33:02.100,37.0,5.789621462381582
1900-01-01 13:33:02.200,-3.0,2.0214177015634585
1900-01-01 13:33:02.300,0.0,-7.1853870155804165
1900-01-01 13:33:02.400,0.0,0.0
1900-01-01 13:33:02.500,31.0,-0.4908348541395835
1900-01-01 13:33:02.600,-5.0,-0.5439688971537646
1900-01-01 13:33:02.700,-3.0,3.725418316502848
1900-01-01 13:33:02.800,6.0,-1.38629436111989
1900-01-01 13:33:02.900,-154.0,0.2676217630051059
1900-01-01 13:33:03.000,0.0,0.0
1900-01-01 13:33:03.100,-8.0,5.40267738187228
1900-01-01 13:33:03.200,0.0,0.0
1900-01-01 13:33:03.300,0.0,0.0
1900-01-01 13:33:03.400,0.0,0.0
1900-01-01 13:33:03.500,-11.0,0.9451725935846302
1900-01-01 13:33:03.600,0.0,0.0
1900-01-01 13:33:03.700,-8.0,-0.3738158715000512
1900-01-01 13:33:03.800,-24.0,0.5302168130806404
1900-01-01 13:33:03.900,127.0,6.253828811575473
1900-01-01 13:33:04.000,0.0,0.0
1900-01-01 13:33:04.100,1.0,2.0839766968452267
1900-01-01 13:33:04.200,0.0,0.0
1900-01-01 13:33:04.300,1.0,-6.0112671744041615
1900-01-01 13:33:04.400,8.0,6.051007503053676
1900-01-01 13:33:04.500,0.0,0.0
1900-01-01 13:33:04.600,25.0,-0.0526437334854215
1900-01-01 13:33:04.700,0.0,0.1513857565054408
1900-01-01 13:33:04.800,231.0,0.1627460731671224
1900-01-01 13:33:04.900,-13.0,-0.077558234345874
1900-01-01 13:33:05.000,0.0,0.0
1900-01-01 13:33:05.100,0.0,0.3060926342949601
1900-01-01 13:33:05.200,50.0,-0.5712573629509086
1900-01-01 13:33:05.300,0.0,0.0
1900-01-01 13:33:05.400,-1.0,6.567709451569929
1900-01-01 13:33:05.500,0.0,0.0
1900-01-01 13:33:05.600,0.0,-6.068425588244111
1900-01-01 13:33:05.700,0.0,0.0
1900-01-01 13:33:05.800,0.0,0.2086520230926312
1900-01-01 13:33:05.900,-1.0,-0.6119217406373592
1900-01-01 13:33:06.000,0.0,0.0
1900-01-01 13:33:06.100,-10.0,-0.0480049265947295
1900-01-01 13:33:06.200,38.0,0.1320880438052709
1900-01-01 13:33:06.300,-5.0,-0.358212223257619
1900-01-01 13:33:06.400,-7.0,-0.0273989741881148
1900-01-01 13:33:06.500,7.0,0.6335347777584297
1900-01-01 13:33:06.600,3.0,-0.2164190524302895
1900-01-01 13:33:06.700,12.0,-1.1091812400173446
1900-01-01 13:33:06.800,0.0,0.0
1900-01-01 13:33:06.900,0.0,1.1494206169937793
1900-01-01 13:33:07.000,0.0,0.0
1900-01-01 13:33:07.100,43.0,14.132883705462566
1900-01-01 13:33:07.200,0.0,0.9142801035937588
1900-01-01 13:33:07.300,0.0,0.4464256931629085
1900-01-01 13:33:07.400,-25.0,-1.3802520466639274
1900-01-01 13:33:07.500,0.0,-1.9810014688665836
1900-01-01 13:33:07.600,0.0,3.1135153092103742
1900-01-01 13:33:07.700,0.0,-0.2249567884383907
1900-01-01 13:33:07.800,-11.0,-4.657190024267669
1900-01-01 13:33:07.900,0.0,2.4849066497880004
1900-01-01 13:33:08.000,0.0,0.0
1900-01-01 13:33:08.100,0.0,-5.642598753483414
1900-01-01 13:33:08.200,0.0,0.1064417562408754
1900-01-01 13:33:08.300,-13.0,0.435294889302678
1900-01-01 13:33:08.400,0.0,-0.9484220100569476
1900-01-01 13:33:08.500,0.0,-0.3569938723420103
1900-01-01 13:33:08.600,0.0,0.4054651081081646
1900-01-01 13:33:08.700,115.0,-6.304570195876167
1900-01-01 13:33:08.800,6.0,-1.7656916424581377
1900-01-01 13:33:08.900,20.0,-0.0252351872547018
1900-01-01 13:33:09.000,0.0,0.0
1900-01-01 13:33:09.100,0.0,0.0
1900-01-01 13:33:09.200,26.0,-7.608863113530502
1900-01-01 13:33:09.300,0.0,0.0
1900-01-01 13:33:09.400,-18.0,-1.1804833233017935
1900-01-01 13:33:09.500,-63.0,-7.319360229779331
1900-01-01 13:33:09.600,41.0,-1.3391995915357031
1900-01-01 13:33:09.700,11.0,-0.5946501098271009
1900-01-01 13:33:09.800,10.0,-0.0190447399336832
1900-01-01 13:33:09.900,0.0,0.0
1900-01-01 13:33:10.000,0.0,-0.0970595675319048
1900-01-01 13:33:10.100,0.0,0.0
1900-01-01 13:33:10.200,0.0,0.4193558552963523
1900-01-01 13:33:10.300,11.0,0.0247358567686317
1900-01-01 13:33:10.400,0.0,0.0
1900-01-01 13:33:10.500,0.0,-0.0672552515884117
1900-01-01 13:33:10.600,0.0,-0.3836938641458198
1900-01-01 13:33:10.700,22.0,0.7471729167840913
1900-01-01 13:33:10.800,103.0,5.179944121787486
1900-01-01 13:33:10.900,-11.0,-4.499809670330265
1900-01-01 13:33:11.000,0.0,0.0
1900-01-01 13:33:11.100,0.0,0.0
1900-01-01 13:33:11.200,0.0,0.0
1900-01-01 13:33:11.300,-19.0,-1.4440760997945823
1900-01-01 13:33:11.400,0.0,-0.1308551172237368
1900-01-01 13:33:11.500,31.0,-3.994261103665117
1900-01-01 13:33:11.600,-2.0,4.135166556742356
1900-01-01 13:33:11.700,-5.0,-8.006367567650248
1900-01-01 13:33:11.800,129.0,6.396929655216146
1900-01-01 13:33:11.900,0.0,0.0
1900-01-01 13:33:12.000,0.0,0.0
1900-01-01 13:33:12.100,0.0,0.0
1900-01-01 13:33:12.200,0.0,0.0
1900-01-01 13:33:12.300,0.0,0.0
1900-01-01 13:33:12.400,0.0,0.0
1900-01-01 13:33:12.500,0.0,0.0
1900-01-01 13:33:12.600,31.0,1.4383859478983774
1900-01-01 13:33:12.700,0.0,0.116640396034823
1900-01-01 13:33:12.800,2.0,-0.0786566109600865
1900-01-01 13:33:12.900,7.0,0.0786566109600865
1900-01-01 13:33:13.000,0.0,0.0
1900-01-01 13:33:13.100,3.0,0.1436427022288429
1900-01-01 13:33:13.200,2.0,-0.1809140970260747
1900-01-01 13:33:13.300,2.0,0.0681734740706261
1900-01-01 13:33:13.400,0.0,-0.3331654547112261
1900-01-01 13:33:13.500,-108.0,-4.852961102270413
1900-01-01 13:33:13.600,-20.0,4.927253685157205
1900-01-01 13:33:13.700,2.0,0.1616413515564154
1900-01-01 13:33:13.800,-73.0,1.2384112962223897
1900-01-01 13:33:13.900,0.0,0.0
1900-01-01 13:33:14.000,0.0,0.0
1900-01-01 13:33:14.100,0.0,-0.7923033680091609
1900-01-01 13:33:14.200,0.0,0.0
1900-01-01 13:33:14.300,-107.0,-8.745985622588533
1900-01-01 13:33:14.400,0.0,0.0
1900-01-01 13:33:14.500,57.0,-0.9988848433711168
1900-01-01 13:33:14.600,10.0,6.697399677964723
1900-01-01 13:33:14.700,0.0,-4.605170185988091
1900-01-01 13:33:14.800,0.0,0.0
1900-01-01 13:33:14.900,0.0,0.0
1900-01-01 13:33:15.000,0.0,0.0
1900-01-01 13:33:15.100,0.0,0.0
1900-01-01 13:33:15.200,0.0,0.0
1900-01-01 13:33:15.300,0.0,0.0
1900-01-01 13:33:15.400,-16.0,-1.9791961266887803
1900-01-01 13:33:15.500,2.0,-0.1546315646646081
1900-01-01 13:33:15.600,0.0,0.0
1900-01-01 13:33:15.700,0.0,0.0
1900-01-01 13:33:15.800,0.0,0.0
1900-01-01 13:33:15.900,0.0,0.0
1900-01-01 13:33:16.000,0.0,0.0
1900-01-01 13:33:16.100,10.0,1.6068371307340428
1900-01-01 13:33:16.200,30.0,6.615293282354237
1900-01-01 13:33:16.300,0.0,0.0
1900-01-01 13:33:16.400,0.0,0.0
1900-01-01 13:33:16.500,0.0,3.299943647956982
1900-01-01 13:33:16.600,0.0,0.0
1900-01-01 13:33:16.700,3.0,5.886104031450156
1900-01-01 13:33:16.800,0.0,0.0
1900-01-01 13:33:16.900,0.0,0.0
1900-01-01 13:33:17.000,0.0,0.0
1900-01-01 13:33:17.100,0.0,0.0
1900-01-01 13:33:17.200,0.0,0.0
1900-01-01 13:33:17.300,0.0,0.0
1900-01-01 13:33:17.400,-61.0,2.203455127086856
1900-01-01 13:33:17.500,213.0,1.6295246710008369
1900-01-01 13:33:17.600,0.0,-2.7676422983044557
1900-01-01 13:33:17.700,0.0,0.0
1900-01-01 13:33:17.800,49.0,7.3031700512368
1900-01-01 13:33:17.900,0.0,0.0
1900-01-01 13:33:18.000,0.0,0.0
1900-01-01 13:33:18.100,0.0,0.0
1900-01-01 13:33:18.200,0.0,0.0
1900-01-01 13:33:18.300,-3.0,-7.3031700512368
1900-01-01 13:33:18.400,0.0,0.0
1900-01-01 13:33:18.500,0.0,0.0
1900-01-01 13:33:18.600,0.0,0.0
1900-01-01 13:33:18.700,-63.0,6.030801568633658
1900-01-01 13:33:18.800,30.0,-6.053499938027435
1900-01-01 13:33:18.900,0.0,0.0
1900-01-01 13:33:19.000,0.0,0.0
1900-01-01 13:33:19.100,0.0,0.0
1900-01-01 13:33:19.200,0.0,0.0
1900-01-01 13:33:19.300,0.0,0.0
1900-01-01 13:33:19.400,61.0,0.5654809073878209
1900-01-01 13:33:19.500,0.0,7.26403014289953
1900-01-01 13:33:19.600,26.0,-1.1851427808203896
1900-01-01 13:33:19.700,-112.0,-4.341441354558803
1900-01-01 13:33:19.800,0.0,0.0
1900-01-01 13:33:19.900,0.0,0.0
1900-01-01 13:33:20.000,0.0,0.0
1900-01-01 13:33:20.100,78.0,0.6836371470044973
1900-01-01 13:33:20.200,-14.0,-2.5799872348260777
1900-01-01 13:33:20.300,0.0,0.0
1900-01-01 13:33:20.400,0.0,0.0
1900-01-01 13:33:20.500,117.0,7.728302403729621
1900-01-01 13:33:20.600,-1.0,-7.592870287844818
1900-01-01 13:33:20.700,-2.0,0.7088955375280843
1900-01-01 13:33:20.800,-21.0,7.608870629191259
1900-01-01 13:33:20.900,0.0,0.0
1900-01-01 13:33:21.000,6.0,-6.173786103901937
1900-01-01 13:33:21.100,47.0,1.9660460529818689
1900-01-01 13:33:21.200,34.0,1.791759469228055
1900-01-01 13:33:21.300,0.0,0.0
1900-01-01 13:33:21.400,0.0,-4.430816798843313
1900-01-01 13:33:21.500,0.0,0.0
1900-01-01 13:33:21.600,0.0,0.0
1900-01-01 13:33:21.700,0.0,0.0
1900-01-01 13:33:21.800,0.0,0.0
1900-01-01 13:33:21.900,0.0,0.0
1900-01-01 13:33:22.000,0.0,0.0
1900-01-01 13:33:22.100,0.0,-1.1406757482764296
1900-01-01 13:33:22.200,0.0,0.0
1900-01-01 13:33:22.300,0.0,0.0
1900-01-01 13:33:22.400,94.0,0.7920329760349611
1900-01-01 13:33:22.500,0.0,-1.0133935622929997
1900-01-01 13:33:22.600,0.0,5.453517563791868
1900-01-01 13:33:22.700,0.0,-4.852030263919617
1900-01-01 13:33:22.800,0.0,1.8292478128326
1900-01-01 13:33:22.900,78.0,-1.123930096652399
1900-01-01 13:33:23.000,0.0,0.0
1900-01-01 13:33:23.100,0.0,-0.3869030902481056
1900-01-01 13:33:23.200,0.0,0.0
1900-01-01 13:33:23.300,17.0,0.1602174325094965
1900-01-01 13:33:23.400,0.0,0.0
1900-01-01 13:33:23.500,-170.0,3.301198809145714
1900-01-01 13:33:23.600,0.0,1.791759469228055
1900-01-01 13:33:23.700,0.0,0.0
1900-01-01 13:33:23.800,0.0,0.0
1900-01-01 13:33:23.900,0.0,0.0
1900-01-01 13:33:24.000,0.0,0.0
1900-01-01 13:33:24.100,0.0,-1.7917594692280547
1900-01-01 13:33:24.200,33.0,11.260652502908403
1900-01-01 13:33:24.300,53.0,-7.750471229864229
1900-01-01 13:33:24.400,5.0,-1.393729339607409
1900-01-01 13:33:24.500,7.0,3.188864746452161
1900-01-01 13:33:24.600,-1.0,0.4613455665026209
1900-01-01 13:33:24.700,0.0,0.0
1900-01-01 13:33:24.800,-1.0,-4.343357493514727
1900-01-01 13:33:24.900,0.0,0.0
1900-01-01 13:33:25.000,0.0,0.0
1900-01-01 13:33:25.100,-17.0,3.278137288904928
1900-01-01 13:33:25.200,-66.0,-8.367155539256355
1900-01-01 13:33:25.300,-5.0,-0.3099611110728806
1900-01-01 13:33:25.400,0.0,0.0
1900-01-01 13:33:25.500,0.0,0.0
1900-01-01 13:33:25.600,0.0,0.0
1900-01-01 13:33:25.700,0.0,0.7888016537055953
1900-01-01 13:33:25.800,0.0,0.0
1900-01-01 13:33:25.900,0.0,0.0
1900-01-01 13:33:26.000,0.0,0.0
1900-01-01 13:33:26.100,0.0,0.0
1900-01-01 13:33:26.200,0.0,0.0
1900-01-01 13:33:26.300,29.0,7.759187438507795
1900-01-01 13:33:26.400,-91.0,0.1967102942460545
1900-01-01 13:33:26.500,58.0,-2.339399066116764
1900-01-01 13:33:26.600,-29.0,2.277267285009757
1900-01-01 13:33:26.700,6.0,-0.1082135846402327
1900-01-01 13:33:26.800,15.0,-7.4405407544073086
1900-01-01 13:33:26.900,40.0,2.817305561021576
1900-01-01 13:33:27.000,0.0,0.0
1900-01-01 13:33:27.100,0.0,4.670155036077505
1900-01-01 13:33:27.200,0.0,-4.276666119016055
1900-01-01 13:33:27.300,0.0,1.791759469228055
1900-01-01 13:33:27.400,0.0,0.0
1900-01-01 13:33:27.500,0.0,2.2972569137624204
1900-01-01 13:33:27.600,0.0,0.0
1900-01-01 13:33:27.700,28.0,2.7386128515123755
1900-01-01 13:33:27.800,49.0,2.897012693573166
1900-01-01 13:33:27.900,0.0,0.0
1900-01-01 13:33:28.000,0.0,0.0
1900-01-01 13:33:28.100,0.0,0.0
1900-01-01 13:33:28.200,-16.0,-5.539479423364925
1900-01-01 13:33:28.300,3.0,1.2252753850298048
1900-01-01 13:33:28.400,-6.0,2.9279096772152293
1900-01-01 13:33:28.500,-56.0,11.121126547625876
1900-01-01 13:33:28.600,36.0,0.5596157879354227
1900-01-01 13:33:28.700,0.0,-6.611765286864986
1900-01-01 13:33:28.800,0.0,0.0
1900-01-01 13:33:28.900,0.0,0.0
1900-01-01 13:33:29.000,0.0,0.0
1900-01-01 13:33:29.100,0.0,0.0
1900-01-01 13:33:29.200,-34.0,14.279672155726375
1900-01-01 13:33:29.300,0.0,0.1075808139922065
1900-01-01 13:33:29.400,0.0,0.0
1900-01-01 13:33:29.500,0.0,0.0507021031199621
1900-01-01 13:33:29.600,14.0,-3.207702524270075
1900-01-01 13:33:29.700,0.0,0.0
1900-01-01 13:33:29.800,-12.0,-4.499809670330265
1900-01-01 13:33:29.900,8.0,0.0379770423880239
1900-01-01 13:33:30.000,0.0,0.0
1900-01-01 13:33:30.100,0.0,-1.1786549963416455
1900-01-01 13:33:30.200,-5.0,0.8061569374636703
1900-01-01 13:33:30.300,0.0,-0.0657087962857607
1900-01-01 13:33:30.400,-24.0,-0.6311517193988454
1900-01-01 13:33:30.500,-137.0,-5.94091226794515
1900-01-01 13:33:30.600,0.0,0.0
1900-01-01 13:33:30.700,-19.0,-2.03861954715958
1900-01-01 13:33:30.800,0.0,-0.1815945484013377
1900-01-01 13:33:30.900,-14.0,0.0168071183163807
1900-01-01 13:33:31.000,0.0,0.0
1900-01-01 13:33:31.100,0.0,0.6465790150827337
1900-01-01 13:33:31.200,0.0,0.0
1900-01-01 13:33:31.300,0.0,0.0
1900-01-01 13:33:31.400,-10.0,0.8484133094710695
1900-01-01 13:33:31.500,0.0,0.0
1900-01-01 13:33:31.600,3.0,-1.539668341878976
1900-01-01 13:33:31.700,0.0,0.0
1900-01-01 13:33:31.800,0.0,0.2041708740443604
1900-01-01 13:33:31.900,0.0,-0.95680769453968
1900-01-01 13:33:32.000,0.0,0.0
1900-01-01 13:33:32.100,-43.0,1.1282489654538024
1900-01-01 13:33:32.200,0.0,-8.121391647542495
1900-01-01 13:33:32.300,-67.0,6.378255893918902
1900-01-01 13:33:32.400,3.0,-6.217136544775551
1900-01-01 13:33:32.500,0.0,-0.4382068551637363
1900-01-01 13:33:32.600,0.0,0.0
1900-01-01 13:33:32.700,131.0,4.728023437938751
1900-01-01 13:33:32.800,0.0,0.0
1900-01-01 13:33:32.900,0.0,0.0
1900-01-01 13:33:33.000,0.0,0.0
1900-01-01 13:33:33.100,0.0,0.0
1900-01-01 13:33:33.200,0.0,-4.852030263919617
1900-01-01 13:33:33.300,0.0,0.0
1900-01-01 13:33:33.400,0.0,1.5689891218741383
1900-01-01 13:33:33.500,0.0,-0.4175747256936164
1900-01-01 13:33:33.600,0.0,2.201843523192513
1900-01-01 13:33:33.700,0.0,1.836879904508525
1900-01-01 13:33:33.800,0.0,-4.219507705176107
1900-01-01 13:33:33.900,0.0,-0.2273094350136477
1900-01-01 13:33:34.000,0.0,0.0
1900-01-01 13:33:34.100,0.0,-0.6603397208971233
1900-01-01 13:33:34.200,0.0,2.820320125060971
1900-01-01 13:33:34.300,0.0,0.7472144018302211
1900-01-01 13:33:34.400,0.0,4.04305126783455
1900-01-01 13:33:34.500,0.0,0.0
1900-01-01 13:33:34.600,0.0,0.0
1900-01-01 13:33:34.700,0.0,-5.903905074736037
1900-01-01 13:33:34.800,0.0,-0.1978257433299197
1900-01-01 13:33:34.900,0.0,7.352441100243582
1900-01-01 13:33:35.000,0.0,0.0
1900-01-01 13:33:35.100,-23.0,5.471478504784917
1900-01-01 13:33:35.200,-7.0,1.933171123277883
1900-01-01 13:33:35.300,0.0,0.0
1900-01-01 13:33:35.400,0.0,0.0
1900-01-01 13:33:35.500,0.0,-6.99576615630485
1900-01-01 13:33:35.600,0.0,0.0
1900-01-01 13:33:35.700,-16.0,1.1618478780252652
1900-01-01 13:33:35.800,151.0,-1.32436680752304
1900-01-01 13:33:35.900,4.0,0.9044562742271522
1900-01-01 13:33:36.000,0.0,0.0
1900-01-01 13:33:36.100,0.0,-0.0692179868595306
1900-01-01 13:33:36.200,0.0,0.6060190970287813
1900-01-01 13:33:36.300,0.0,0.0
1900-01-01 13:33:36.400,53.0,1.3385036972835431
1900-01-01 13:33:36.500,0.0,0.0
1900-01-01 13:33:36.600,15.0,-1.7514855700901149
1900-01-01 13:33:36.700,58.0,-0.0819977425093396
1900-01-01 13:33:36.800,0.0,0.4575811092471782
1900-01-01 13:33:36.900,9.0,0.0140632094560171
1900-01-01 13:33:37.000,0.0,0.0
1900-01-01 13:33:37.100,74.0,5.569970012090258
1900-01-01 13:33:37.200,-11.0,-0.014815085785141
1900-01-01 13:33:37.300,5.0,-2.995732273553991
1900-01-01 13:33:37.400,13.0,4.499809670330265
1900-01-01 13:33:37.500,22.0,-6.025865973825314
1900-01-01 13:33:37.600,0.0,1.7348111173571594
1900-01-01 13:33:37.700,0.0,0.0
1900-01-01 13:33:37.800,22.0,4.763909887230856
1900-01-01 13:33:37.900,-29.0,0.0544228812939713
1900-01-01 13:33:38.000,0.0,0.0
1900-01-01 13:33:38.100,-109.0,7.8724551500639794
1900-01-01 13:33:38.200,53.0,0.8266785731844681
1900-01-01 13:33:38.300,0.0,0.0
1900-01-01 13:33:38.400,0.0,0.0
1900-01-01 13:33:38.500,60.0,1.833035905928365
1900-01-01 13:33:38.600,-32.0,7.266546292325122
1900-01-01 13:33:38.700,0.0,0.0
1900-01-01 13:33:38.800,24.0,-10.995679273401317
1900-01-01 13:33:38.900,-41.0,8.97148787178432
1900-01-01 13:33:39.000,0.0,0.0
1900-01-01 13:33:39.100,0.0,-0.0504308536268922
1900-01-01 13:33:39.200,0.0,-0.1490355791604871
1900-01-01 13:33:39.300,0.0,0.0312525435041042
1900-01-01 13:33:39.400,0.0,-0.3020708099038813
1900-01-01 13:33:39.500,0.0,0.0
1900-01-01 13:33:39.600,0.0,0.0
1900-01-01 13:33:39.700,0.0,0.8732377665659494
1900-01-01 13:33:39.800,0.0,0.0877555907621641
1900-01-01 13:33:39.900,0.0,-0.1972131858835069
1900-01-01 13:33:40.000,0.0,0.0
1900-01-01 13:33:40.100,0.0,-2.0910071848223013
1900-01-01 13:33:40.200,0.0,1.1901429531804264
1900-01-01 13:33:40.300,0.0,-0.1909490511442451
1900-01-01 13:33:40.400,0.0,0.2206404210960917
1900-01-01 13:33:40.500,0.0,-0.0026990569691647
1900-01-01 13:33:40.600,0.0,-0.3172438777008373
1900-01-01 13:33:40.700,0.0,0.1012537337051719
1900-01-01 13:33:40.800,0.0,0.0
1900-01-01 13:33:40.900,0.0,8.062485723890525
1900-01-01 13:33:41.000,0.0,0.0
1900-01-01 13:33:41.100,0.0,0.5756263220993931
1900-01-01 13:33:41.200,0.0,0.6293472328729859
1900-01-01 13:33:41.300,0.0,-0.3776303091147204
1900-01-01 13:33:41.400,0.0,-0.2719337154836418
1900-01-01 13:33:41.500,0.0,-0.0352929530411092
1900-01-01 13:33:41.600,0.0,-0.5933157063812646
1900-01-01 13:33:41.700,0.0,0.7254080427781662
1900-01-01 13:33:41.800,0.0,0.0
1900-01-01 13:33:41.900,0.0,0.3630372987600005
1900-01-01 13:33:42.000,0.0,0.0
1900-01-01 13:33:42.100,0.0,-0.5389965007326869
1900-01-01 13:33:42.200,0.0,-0.7236839044200267
1900-01-01 13:33:42.300,0.0,0.0
1900-01-01 13:33:42.400,0.0,2.135168514368476
1900-01-01 13:33:42.500,0.0,-1.5485408564164067
1900-01-01 13:33:42.600,0.0,0.0333364202675916
1900-01-01 13:33:42.700,0.0,0.0
1900-01-01 13:33:42.800,0.0,-0.0504308536268922
1900-01-01 13:33:42.900,0.0,-0.4795730802618863
1900-01-01 13:33:43.000,0.0,0.0
1900-01-01 13:33:43.100,0.0,0.7284691276785109
1900-01-01 13:33:43.200,0.0,-0.8308175928663459
1900-01-01 13:33:43.300,0.0,0.0
1900-01-01 13:33:43.400,0.0,0.1910552367627094
1900-01-01 13:33:43.500,0.0,0.0
1900-01-01 13:33:43.600,0.0,0.2890836143770698
1900-01-01 13:33:43.700,0.0,0.0
1900-01-01 13:33:43.800,0.0,0.2808309257589276
1900-01-01 13:33:43.900,0.0,0.0
1900-01-01 13:33:44.000,0.0,0.0
1900-01-01 13:33:44.100,0.0,-0.0920368544593563
1900-01-01 13:33:44.200,0.0,0.0
1900-01-01 13:33:44.300,0.0,-0.1032718978614095
1900-01-01 13:33:44.400,0.0,0.0
1900-01-01 13:33:44.500,0.0,-0.0578474512819422
1900-01-01 13:33:44.600,0.0,-0.0034502621921514
1900-01-01 13:33:44.700,0.0,-0.0719734996250895
1900-01-01 13:33:44.800,0.0,-3.108564804050518
1900-01-01 13:33:44.900,0.0,-5.696793825120524
1900-01-01 13:33:45.000,0.0,0.0
1900-01-01 13:33:45.100,0.0,0.0480049265947295
1900-01-01 13:33:45.200,0.0,-0.0252330586304534
1900-01-01 13:33:45.300,0.0,-0.0170944333593006
1900-01-01 13:33:45.400,0.0,0.0
1900-01-01 13:33:45.500,0.0,0.009360442759565
1900-01-01 13:33:45.600,0.0,-7.306390017794305
1900-01-01 13:33:45.700,0.0,-0.2067944133126795
1900-01-01 13:33:45.800,0.0,-1.1116225254041256
1900-01-01 13:33:45.900,0.0,0.0597192347016228
1900-01-01 13:33:46.000,0.0,0.0
1900-01-01 13:33:46.100,0.0,8.01035023661374
1900-01-01 13:33:46.200,0.0,-8.024534871605695
1900-01-01 13:33:46.300,0.0,0.0
1900-01-01 13:33:46.400,0.0,7.743919966377005
1900-01-01 13:33:46.500,0.0,0.614366302706832
1900-01-01 13:33:46.600,0.0,3.3876898254247947
1900-01-01 13:33:46.700,0.0,0.0
1900-01-01 13:33:46.800,0.0,-5.996013010675633
1900-01-01 13:33:46.900,0.0,-1.5740741584215714
1900-01-01 13:33:47.000,0.0,0.0
1900-01-01 13:33:47.100,0.0,7.920809679288601
1900-01-01 13:33:47.200,0.0,0.0505522791628312
1900-01-01 13:33:47.300,0.0,1.2980334525419677
1900-01-01 13:33:47.400,0.0,5.966146739123692
1900-01-01 13:33:47.500,0.0,1.3137236682850555
1900-01-01 13:33:47.600,0.0,-0.0571584138399487
1900-01-01 13:33:47.700,0.0,0.0
1900-01-01 13:33:47.800,0.0,0.0
1900-01-01 13:33:47.900,0.0,0.0689928714869516
1900-01-01 13:33:48.000,0.0,0.1353231866892845
1900-01-01 13:33:48.100,0.0,0.1893145922849255
1900-01-01 13:33:48.200,0.0,0.237866792867103
1900-01-01 13:33:48.300,0.0,-0.0190616431514909
1900-01-01 13:33:48.400,0.0,7.170788216159263
1900-01-01 13:33:48.500,0.0,0.558360334233571
1900-01-01 13:33:48.600,0.0,-0.9078537125612822
1900-01-01 13:33:48.700,0.0,-6.575912310744588
1900-01-01 13:33:48.800,0.0,-0.003780722839906
1900-01-01 13:33:48.900,0.0,0.0
1900-01-01 13:33:49.000,0.0,0.0
1900-01-01 13:33:49.100,0.0,-0.5208382230584196
1900-01-01 13:33:49.200,0.0,0.0
1900-01-01 13:33:49.300,0.0,-0.0841870862278679
1900-01-01 13:33:49.400,0.0,0.0
1900-01-01 13:33:49.500,0.0,0.6786496054934585
1900-01-01 13:33:49.600,0.0,0.037867119635516
1900-01-01 13:33:49.700,0.0,-0.4236213641448434
1900-01-01 13:33:49.800,0.0,0.0
1900-01-01 13:33:49.900,0.0,0.0
1900-01-01 13:33:50.000,0.0,0.0
1900-01-01 13:33:50.100,0.0,3.683109371314465
1900-01-01 13:33:50.200,0.0,-2.862200880929469
1900-01-01 13:33:50.300,0.0,0.1067620575831145
