Datetime,OFITick
1900-01-01 13:30:00.100,-6.0
1900-01-01 13:30:00.200,19.0
1900-01-01 13:30:00.300,-260.0
1900-01-01 13:30:00.400,95.0
1900-01-01 13:30:00.500,-189.0
1900-01-01 13:30:00.600,14.0
1900-01-01 13:30:00.700,-104.0
1900-01-01 13:30:00.800,34.0
1900-01-01 13:30:00.900,9.0
1900-01-01 13:30:01.000,0.0
1900-01-01 13:30:01.100,-68.0
1900-01-01 13:30:01.200,-7.0
1900-01-01 13:30:01.300,-2.0
1900-01-01 13:30:01.400,0.0
1900-01-01 13:30:01.500,37.0
1900-01-01 13:30:01.600,31.0
1900-01-01 13:30:01.700,-55.0
1900-01-01 13:30:01.800,0.0
1900-01-01 13:30:01.900,9.0
1900-01-01 13:30:02.000,0.0
1900-01-01 13:30:02.100,-59.0
1900-01-01 13:30:02.200,66.0
1900-01-01 13:30:02.300,0.0
1900-01-01 13:30:02.400,0.0
1900-01-01 13:30:02.500,0.0
1900-01-01 13:30:02.600,-130.0
1900-01-01 13:30:02.700,0.0
1900-01-01 13:30:02.800,0.0
1900-01-01 13:30:02.900,0.0
1900-01-01 13:30:03.000,0.0
1900-01-01 13:30:03.100,-75.0
1900-01-01 13:30:03.200,48.0
1900-01-01 13:30:03.300,5.0
1900-01-01 13:30:03.400,-163.0
1900-01-01 13:30:03.500,-146.0
1900-01-01 13:30:03.600,-32.0
1900-01-01 13:30:03.700,4.0
1900-01-01 13:30:03.800,0.0
1900-01-01 13:30:03.900,-90.0
1900-01-01 13:30:04.000,0.0
1900-01-01 13:30:04.100,-26.0
1900-01-01 13:30:04.200,0.0
1900-01-01 13:30:04.300,-60.0
1900-01-01 13:30:04.400,0.0
1900-01-01 13:30:04.500,42.0
1900-01-01 13:30:04.600,-58.0
1900-01-01 13:30:04.700,-9.0
1900-01-01 13:30:04.800,-31.0
1900-01-01 13:30:04.900,-62.0
1900-01-01 13:30:05.000,0.0
1900-01-01 13:30:05.100,148.0
1900-01-01 13:30:05.200,-34.0
1900-01-01 13:30:05.300,0.0
1900-01-01 13:30:05.400,0.0
1900-01-01 13:30:05.500,19.0
1900-01-01 13:30:05.600,0.0
1900-01-01 13:30:05.700,28.0
1900-01-01 13:30:05.800,40.0
1900-01-01 13:30:05.900,-123.0
1900-01-01 13:30:06.000,0.0
1900-01-01 13:30:06.100,20.0
1900-01-01 13:30:06.200,-35.0
1900-01-01 13:30:06.300,-29.0
1900-01-01 13:30:06.400,0.0
1900-01-01 13:30:06.500,0.0
1900-01-01 13:30:06.600,0.0
1900-01-01 13:30:06.700,17.0
1900-01-01 13:30:06.800,-22.0
1900-01-01 13:30:06.900,0.0
1900-01-01 13:30:07.000,0.0
1900-01-01 13:30:07.100,169.0
1900-01-01 13:30:07.200,11.0
1900-01-01 13:30:07.300,0.0
1900-01-01 13:30:07.400,0.0
1900-01-01 13:30:07.500,0.0
1900-01-01 13:30:07.600,0.0
1900-01-01 13:30:07.700,80.0
1900-01-01 13:30:07.800,0.0
1900-01-01 13:30:07.900,0.0
1900-01-01 13:30:08.000,0.0
1900-01-01 13:30:08.100,0.0
1900-01-01 13:30:08.200,16.0
1900-01-01 13:30:08.300,-1.0
1900-01-01 13:30:08.400,1.0
1900-01-01 13:30:08.500,-25.0
1900-01-01 13:30:08.600,0.0
1900-01-01 13:30:08.700,0.0
1900-01-01 13:30:08.800,-8.0
1900-01-01 13:30:08.900,-141.0
1900-01-01 13:30:09.000,0.0
1900-01-01 13:30:09.100,0.0
1900-01-01 13:30:09.200,0.0
1900-01-01 13:30:09.300,0.0
1900-01-01 13:30:09.400,-83.0
1900-01-01 13:30:09.500,0.0
1900-01-01 13:30:09.600,-47.0
1900-01-01 13:30:09.700,-41.0
1900-01-01 13:30:09.800,0.0
1900-01-01 13:30:09.900,60.0
1900-01-01 13:30:10.000,-20.0
1900-01-01 13:30:10.100,4.0
1900-01-01 13:30:10.200,89.0
1900-01-01 13:30:10.300,-20.0
1900-01-01 13:30:10.400,0.0
1900-01-01 13:30:10.500,0.0
1900-01-01 13:30:10.600,8.0
1900-01-01 13:30:10.700,-34.0
1900-01-01 13:30:10.800,15.0
1900-01-01 13:30:10.900,109.0
1900-01-01 13:30:11.000,0.0
1900-01-01 13:30:11.100,0.0
1900-01-01 13:30:11.200,79.0
1900-01-01 13:30:11.300,0.0
1900-01-01 13:30:11.400,0.0
1900-01-01 13:30:11.500,68.0
1900-01-01 13:30:11.600,-37.0
1900-01-01 13:30:11.700,-23.0
1900-01-01 13:30:11.800,0.0
1900-01-01 13:30:11.900,0.0
1900-01-01 13:30:12.000,0.0
1900-01-01 13:30:12.100,-125.0
1900-01-01 13:30:12.200,14.0
1900-01-01 13:30:12.300,-144.0
1900-01-01 13:30:12.400,27.0
1900-01-01 13:30:12.500,-3.0
1900-01-01 13:30:12.600,7.0
1900-01-01 13:30:12.700,19.0
1900-01-01 13:30:12.800,1.0
1900-01-01 13:30:12.900,1.0
1900-01-01 13:30:13.000,0.0
1900-01-01 13:30:13.100,100.0
1900-01-01 13:30:13.200,0.0
1900-01-01 13:30:13.300,135.0
1900-01-01 13:30:13.400,0.0
1900-01-01 13:30:13.500,0.0
1900-01-01 13:30:13.600,0.0
1900-01-01 13:30:13.700,-26.0
1900-01-01 13:30:13.800,0.0
1900-01-01 13:30:13.900,266.0
1900-01-01 13:30:14.000,0.0
1900-01-01 13:30:14.100,0.0
1900-01-01 13:30:14.200,198.0
1900-01-01 13:30:14.300,0.0
1900-01-01 13:30:14.400,0.0
1900-01-01 13:30:14.500,-9.0
1900-01-01 13:30:14.600,98.0
1900-01-01 13:30:14.700,0.0
1900-01-01 13:30:14.800,0.0
1900-01-01 13:30:14.900,0.0
1900-01-01 13:30:15.000,0.0
1900-01-01 13:30:15.100,0.0
1900-01-01 13:30:15.200,0.0
1900-01-01 13:30:15.300,0.0
1900-01-01 13:30:15.400,108.0
1900-01-01 13:30:15.500,0.0
1900-01-01 13:30:15.600,-187.0
1900-01-01 13:30:15.700,-151.0
1900-01-01 13:30:15.800,-76.0
1900-01-01 13:30:15.900,-78.0
1900-01-01 13:30:16.000,0.0
1900-01-01 13:30:16.100,34.0
1900-01-01 13:30:16.200,0.0
1900-01-01 13:30:16.300,-118.0
1900-01-01 13:30:16.400,-112.0
1900-01-01 13:30:16.500,-18.0
1900-01-01 13:30:16.600,0.0
1900-01-01 13:30:16.700,149.0
1900-01-01 13:30:16.800,-24.0
1900-01-01 13:30:16.900,28.0
1900-01-01 13:30:17.000,0.0
1900-01-01 13:30:17.100,-6.0
1900-01-01 13:30:17.200,-8.0
1900-01-01 13:30:17.300,-125.0
1900-01-01 13:30:17.400,-59.0
1900-01-01 13:30:17.500,-34.0
1900-01-01 13:30:17.600,0.0
1900-01-01 13:30:17.700,0.0
1900-01-01 13:30:17.800,5.0
1900-01-01 13:30:17.900,0.0
1900-01-01 13:30:18.000,0.0
1900-01-01 13:30:18.100,0.0
1900-01-01 13:30:18.200,-124.0
1900-01-01 13:30:18.300,-103.0
1900-01-01 13:30:18.400,0.0
1900-01-01 13:30:18.500,0.0
1900-01-01 13:30:18.600,0.0
1900-01-01 13:30:18.700,0.0
1900-01-01 13:30:18.800,94.0
1900-01-01 13:30:18.900,-36.0
1900-01-01 13:30:19.000,0.0
1900-01-01 13:30:19.100,10.0
1900-01-01 13:30:19.200,99.0
1900-01-01 13:30:19.300,114.0
1900-01-01 13:30:19.400,287.0
1900-01-01 13:30:19.500,2.0
1900-01-01 13:30:19.600,-37.0
1900-01-01 13:30:19.700,-55.0
1900-01-01 13:30:19.800,93.0
1900-01-01 13:30:19.900,0.0
1900-01-01 13:30:20.000,0.0
1900-01-01 13:30:20.100,95.0
1900-01-01 13:30:20.200,0.0
1900-01-01 13:30:20.300,0.0
1900-01-01 13:30:20.400,0.0
1900-01-01 13:30:20.500,28.0
1900-01-01 13:30:20.600,0.0
1900-01-01 13:30:20.700,20.0
1900-01-01 13:30:20.800,0.0
1900-01-01 13:30:20.900,63.0
1900-01-01 13:30:21.000,0.0
1900-01-01 13:30:21.100,0.0
1900-01-01 13:30:21.200,0.0
1900-01-01 13:30:21.300,0.0
1900-01-01 13:30:21.400,0.0
1900-01-01 13:30:21.500,0.0
1900-01-01 13:30:21.600,0.0
1900-01-01 13:30:21.700,56.0
1900-01-01 13:30:21.800,-52.0
1900-01-01 13:30:21.900,-185.0
1900-01-01 13:30:22.000,0.0
1900-01-01 13:30:22.100,-132.0
1900-01-01 13:30:22.200,-115.0
1900-01-01 13:30:22.300,35.0
1900-01-01 13:30:22.400,0.0
1900-01-01 13:30:22.500,-1.0
1900-01-01 13:30:22.600,-16.0
1900-01-01 13:30:22.700,-8.0
1900-01-01 13:30:22.800,4.0
1900-01-01 13:30:22.900,-14.0
1900-01-01 13:30:23.000,0.0
1900-01-01 13:30:23.100,-8.0
1900-01-01 13:30:23.200,-1.0
1900-01-01 13:30:23.300,-4.0
1900-01-01 13:30:23.400,-84.0
1900-01-01 13:30:23.500,15.0
1900-01-01 13:30:23.600,-12.0
1900-01-01 13:30:23.700,-15.0
1900-01-01 13:30:23.800,-200.0
1900-01-01 13:30:23.900,-5.0
1900-01-01 13:30:24.000,0.0
1900-01-01 13:30:24.100,15.0
1900-01-01 13:30:24.200,0.0
1900-01-01 13:30:24.300,-58.0
1900-01-01 13:30:24.400,-168.0
1900-01-01 13:30:24.500,-6.0
1900-01-01 13:30:24.600,186.0
1900-01-01 13:30:24.700,-157.0
1900-01-01 13:30:24.800,22.0
1900-01-01 13:30:24.900,0.0
1900-01-01 13:30:25.000,0.0
1900-01-01 13:30:25.100,0.0
1900-01-01 13:30:25.200,109.0
1900-01-01 13:30:25.300,0.0
1900-01-01 13:30:25.400,10.0
1900-01-01 13:30:25.500,0.0
1900-01-01 13:30:25.600,5.0
1900-01-01 13:30:25.700,3.0
1900-01-01 13:30:25.800,13.0
1900-01-01 13:30:25.900,-63.0
1900-01-01 13:30:26.000,0.0
1900-01-01 13:30:26.100,0.0
1900-01-01 13:30:26.200,0.0
1900-01-01 13:30:26.300,0.0
1900-01-01 13:30:26.400,369.0
1900-01-01 13:30:26.500,-176.0
1900-01-01 13:30:26.600,94.0
1900-01-01 13:30:26.700,0.0
1900-01-01 13:30:26.800,0.0
1900-01-01 13:30:26.900,-6.0
1900-01-01 13:30:27.000,0.0
1900-01-01 13:30:27.100,-18.0
1900-01-01 13:30:27.200,0.0
1900-01-01 13:30:27.300,-4.0
1900-01-01 13:30:27.400,9.0
1900-01-01 13:30:27.500,0.0
1900-01-01 13:30:27.600,0.0
1900-01-01 13:30:27.700,-16.0
1900-01-01 13:30:27.800,0.0
1900-01-01 13:30:27.900,0.0
1900-01-01 13:30:28.000,0.0
1900-01-01 13:30:28.100,0.0
1900-01-01 13:30:28.200,0.0
1900-01-01 13:30:28.300,0.0
1900-01-01 13:30:28.400,9.0
1900-01-01 13:30:28.500,34.0
1900-01-01 13:30:28.600,-5.0
1900-01-01 13:30:28.700,0.0
1900-01-01 13:30:28.800,0.0
1900-01-01 13:30:28.900,0.0
1900-01-01 13:30:29.000,0.0
1900-01-01 13:30:29.100,0.0
1900-01-01 13:30:29.200,-108.0
1900-01-01 13:30:29.300,-4.0
1900-01-01 13:30:29.400,-12.0
1900-01-01 13:30:29.500,0.0
1900-01-01 13:30:29.600,0.0
1900-01-01 13:30:29.700,-262.0
1900-01-01 13:30:29.800,0.0
1900-01-01 13:30:29.900,-14.0
1900-01-01 13:30:30.000,0.0
1900-01-01 13:30:30.100,-5.0
1900-01-01 13:30:30.200,-7.0
1900-01-01 13:30:30.300,2.0
1900-01-01 13:30:30.400,63.0
1900-01-01 13:30:30.500,0.0
1900-01-01 13:30:30.600,41.0
1900-01-01 13:30:30.700,0.0
1900-01-01 13:30:30.800,0.0
1900-01-01 13:30:30.900,-119.0
1900-01-01 13:30:31.000,0.0
1900-01-01 13:30:31.100,0.0
1900-01-01 13:30:31.200,15.0
1900-01-01 13:30:31.300,-85.0
1900-01-01 13:30:31.400,0.0
1900-01-01 13:30:31.500,101.0
1900-01-01 13:30:31.600,-101.0
1900-01-01 13:30:31.700,-44.0
1900-01-01 13:30:31.800,9.0
1900-01-01 13:30:31.900,171.0
1900-01-01 13:30:32.000,0.0
1900-01-01 13:30:32.100,2.0
1900-01-01 13:30:32.200,-42.0
1900-01-01 13:30:32.300,0.0
1900-01-01 13:30:32.400,0.0
1900-01-01 13:30:32.500,0.0
1900-01-01 13:30:32.600,130.0
1900-01-01 13:30:32.700,18.0
1900-01-01 13:30:32.800,1.0
1900-01-01 13:30:32.900,0.0
1900-01-01 13:30:33.000,0.0
1900-01-01 13:30:33.100,0.0
1900-01-01 13:30:33.200,0.0
1900-01-01 13:30:33.300,20.0
1900-01-01 13:30:33.400,270.0
1900-01-01 13:30:33.500,0.0
1900-01-01 13:30:33.600,5.0
1900-01-01 13:30:33.700,1.0
1900-01-01 13:30:33.800,33.0
1900-01-01 13:30:33.900,30.0
1900-01-01 13:30:34.000,0.0
1900-01-01 13:30:34.100,-126.0
1900-01-01 13:30:34.200,-13.0
1900-01-01 13:30:34.300,21.0
1900-01-01 13:30:34.400,0.0
1900-01-01 13:30:34.500,0.0
1900-01-01 13:30:34.600,-35.0
1900-01-01 13:30:34.700,17.0
1900-01-01 13:30:34.800,-1.0
1900-01-01 13:30:34.900,0.0
1900-01-01 13:30:35.000,0.0
1900-01-01 13:30:35.100,-21.0
1900-01-01 13:30:35.200,0.0
1900-01-01 13:30:35.300,-15.0
1900-01-01 13:30:35.400,3.0
1900-01-01 13:30:35.500,0.0
1900-01-01 13:30:35.600,0.0
1900-01-01 13:30:35.700,0.0
1900-01-01 13:30:35.800,0.0
1900-01-01 13:30:35.900,0.0
1900-01-01 13:30:36.000,0.0
1900-01-01 13:30:36.100,0.0
1900-01-01 13:30:36.200,0.0
1900-01-01 13:30:36.300,0.0
1900-01-01 13:30:36.400,0.0
1900-01-01 13:30:36.500,0.0
1900-01-01 13:30:36.600,0.0
1900-01-01 13:30:36.700,30.0
1900-01-01 13:30:36.800,12.0
1900-01-01 13:30:36.900,-16.0
1900-01-01 13:30:37.000,0.0
1900-01-01 13:30:37.100,-167.0
1900-01-01 13:30:37.200,0.0
1900-01-01 13:30:37.300,0.0
1900-01-01 13:30:37.400,-3.0
1900-01-01 13:30:37.500,-49.0
1900-01-01 13:30:37.600,0.0
1900-01-01 13:30:37.700,0.0
1900-01-01 13:30:37.800,0.0
1900-01-01 13:30:37.900,8.0
1900-01-01 13:30:38.000,0.0
1900-01-01 13:30:38.100,4.0
1900-01-01 13:30:38.200,10.0
1900-01-01 13:30:38.300,-46.0
1900-01-01 13:30:38.400,0.0
1900-01-01 13:30:38.500,0.0
1900-01-01 13:30:38.600,-62.0
1900-01-01 13:30:38.700,22.0
1900-01-01 13:30:38.800,0.0
1900-01-01 13:30:38.900,0.0
1900-01-01 13:30:39.000,0.0
1900-01-01 13:30:39.100,0.0
1900-01-01 13:30:39.200,-4.0
1900-01-01 13:30:39.300,0.0
1900-01-01 13:30:39.400,0.0
1900-01-01 13:30:39.500,0.0
1900-01-01 13:30:39.600,0.0
1900-01-01 13:30:39.700,-36.0
1900-01-01 13:30:39.800,61.0
1900-01-01 13:30:39.900,0.0
1900-01-01 13:30:40.000,0.0
1900-01-01 13:30:40.100,0.0
1900-01-01 13:30:40.200,41.0
1900-01-01 13:30:40.300,-80.0
1900-01-01 13:30:40.400,0.0
1900-01-01 13:30:40.500,-57.0
1900-01-01 13:30:40.600,36.0
1900-01-01 13:30:40.700,0.0
1900-01-01 13:30:40.800,20.0
1900-01-01 13:30:40.900,0.0
1900-01-01 13:30:41.000,0.0
1900-01-01 13:30:41.100,49.0
1900-01-01 13:30:41.200,0.0
1900-01-01 13:30:41.300,0.0
1900-01-01 13:30:41.400,0.0
1900-01-01 13:30:41.500,0.0
1900-01-01 13:30:41.600,-62.0
1900-01-01 13:30:41.700,42.0
1900-01-01 13:30:41.800,3.0
1900-01-01 13:30:41.900,0.0
1900-01-01 13:30:42.000,0.0
1900-01-01 13:30:42.100,0.0
1900-01-01 13:30:42.200,11.0
1900-01-01 13:30:42.300,0.0
1900-01-01 13:30:42.400,0.0
1900-01-01 13:30:42.500,0.0
1900-01-01 13:30:42.600,0.0
1900-01-01 13:30:42.700,0.0
1900-01-01 13:30:42.800,-122.0
1900-01-01 13:30:42.900,69.0
1900-01-01 13:30:43.000,0.0
1900-01-01 13:30:43.100,0.0
1900-01-01 13:30:43.200,0.0
1900-01-01 13:30:43.300,0.0
1900-01-01 13:30:43.400,0.0
1900-01-01 13:30:43.500,61.0
1900-01-01 13:30:43.600,-2.0
1900-01-01 13:30:43.700,0.0
1900-01-01 13:30:43.800,0.0
1900-01-01 13:30:43.900,-5.0
1900-01-01 13:30:44.000,0.0
1900-01-01 13:30:44.100,79.0
1900-01-01 13:30:44.200,29.0
1900-01-01 13:30:44.300,0.0
1900-01-01 13:30:44.400,8.0
1900-01-01 13:30:44.500,49.0
1900-01-01 13:30:44.600,0.0
1900-01-01 13:30:44.700,0.0
1900-01-01 13:30:44.800,0.0
1900-01-01 13:30:44.900,0.0
1900-01-01 13:30:45.000,0.0
1900-01-01 13:30:45.100,0.0
1900-01-01 13:30:45.200,0.0
1900-01-01 13:30:45.300,0.0
1900-01-01 13:30:45.400,0.0
1900-01-01 13:30:45.500,0.0
1900-01-01 13:30:45.600,16.0
1900-01-01 13:30:45.700,101.0
1900-01-01 13:30:45.800,1.0
1900-01-01 13:30:45.900,60.0
1900-01-01 13:30:46.000,0.0
1900-01-01 13:30:46.100,0.0
1900-01-01 13:30:46.200,-60.0
1900-01-01 13:30:46.300,-77.0
1900-01-01 13:30:46.400,63.0
1900-01-01 13:30:46.500,0.0
1900-01-01 13:30:46.600,-97.0
1900-01-01 13:30:46.700,0.0
1900-01-01 13:30:46.800,0.0
1900-01-01 13:30:46.900,-46.0
1900-01-01 13:30:47.000,0.0
1900-01-01 13:30:47.100,0.0
1900-01-01 13:30:47.200,0.0
1900-01-01 13:30:47.300,17.0
1900-01-01 13:30:47.400,0.0
1900-01-01 13:30:47.500,-34.0
1900-01-01 13:30:47.600,-91.0
1900-01-01 13:30:47.700,0.0
1900-01-01 13:30:47.800,0.0
1900-01-01 13:30:47.900,0.0
1900-01-01 13:30:48.000,0.0
1900-01-01 13:30:48.100,-21.0
1900-01-01 13:30:48.200,-39.0
1900-01-01 13:30:48.300,1.0
1900-01-01 13:30:48.400,0.0
1900-01-01 13:30:48.500,-96.0
1900-01-01 13:30:48.600,-37.0
1900-01-01 13:30:48.700,0.0
1900-01-01 13:30:48.800,0.0
1900-01-01 13:30:48.900,129.0
1900-01-01 13:30:49.000,0.0
1900-01-01 13:30:49.100,-1.0
1900-01-01 13:30:49.200,0.0
1900-01-01 13:30:49.300,0.0
1900-01-01 13:30:49.400,75.0
1900-01-01 13:30:49.500,46.0
1900-01-01 13:30:49.600,0.0
1900-01-01 13:30:49.700,0.0
1900-01-01 13:30:49.800,10.0
1900-01-01 13:30:49.900,0.0
1900-01-01 13:30:50.000,0.0
1900-01-01 13:30:50.100,-141.0
1900-01-01 13:30:50.200,0.0
1900-01-01 13:30:50.300,0.0
1900-01-01 13:30:50.400,0.0
1900-01-01 13:30:50.500,-28.0
1900-01-01 13:30:50.600,0.0
1900-01-01 13:30:50.700,-29.0
1900-01-01 13:30:50.800,0.0
1900-01-01 13:30:50.900,0.0
1900-01-01 13:30:51.000,0.0
1900-01-01 13:30:51.100,0.0
1900-01-01 13:30:51.200,0.0
1900-01-01 13:30:51.300,0.0
1900-01-01 13:30:51.400,0.0
1900-01-01 13:30:51.500,0.0
1900-01-01 13:30:51.600,0.0
1900-01-01 13:30:51.700,0.0
1900-01-01 13:30:51.800,0.0
1900-01-01 13:30:51.900,7.0
1900-01-01 13:30:52.000,0.0
1900-01-01 13:30:52.100,0.0
1900-01-01 13:30:52.200,5.0
1900-01-01 13:30:52.300,4.0
1900-01-01 13:30:52.400,39.0
1900-01-01 13:30:52.500,-2.0
1900-01-01 13:30:52.600,-1.0
1900-01-01 13:30:52.700,0.0
1900-01-01 13:30:52.800,0.0
1900-01-01 13:30:52.900,0.0
1900-01-01 13:30:53.000,0.0
1900-01-01 13:30:53.100,0.0
1900-01-01 13:30:53.200,-5.0
1900-01-01 13:30:53.300,8.0
1900-01-01 13:30:53.400,0.0
1900-01-01 13:30:53.500,-8.0
1900-01-01 13:30:53.600,0.0
1900-01-01 13:30:53.700,0.0
1900-01-01 13:30:53.800,0.0
1900-01-01 13:30:53.900,0.0
1900-01-01 13:30:54.000,0.0
1900-01-01 13:30:54.100,0.0
1900-01-01 13:30:54.200,-1.0
1900-01-01 13:30:54.300,0.0
1900-01-01 13:30:54.400,0.0
1900-01-01 13:30:54.500,-41.0
1900-01-01 13:30:54.600,95.0
1900-01-01 13:30:54.700,0.0
1900-01-01 13:30:54.800,-140.0
1900-01-01 13:30:54.900,0.0
1900-01-01 13:30:55.000,0.0
1900-01-01 13:30:55.100,0.0
1900-01-01 13:30:55.200,10.0
1900-01-01 13:30:55.300,0.0
1900-01-01 13:30:55.400,0.0
1900-01-01 13:30:55.500,0.0
1900-01-01 13:30:55.600,0.0
1900-01-01 13:30:55.700,0.0
1900-01-01 13:30:55.800,0.0
1900-01-01 13:30:55.900,3.0
1900-01-01 13:30:56.000,0.0
1900-01-01 13:30:56.100,0.0
1900-01-01 13:30:56.200,0.0
1900-01-01 13:30:56.300,174.0
1900-01-01 13:30:56.400,0.0
1900-01-01 13:30:56.500,0.0
1900-01-01 13:30:56.600,0.0
1900-01-01 13:30:56.700,37.0
1900-01-01 13:30:56.800,0.0
1900-01-01 13:30:56.900,0.0
1900-01-01 13:30:57.000,0.0
1900-01-01 13:30:57.100,-14.0
1900-01-01 13:30:57.200,0.0
1900-01-01 13:30:57.300,0.0
1900-01-01 13:30:57.400,0.0
1900-01-01 13:30:57.500,169.0
1900-01-01 13:30:57.600,0.0
1900-01-01 13:30:57.700,100.0
1900-01-01 13:30:57.800,-35.0
1900-01-01 13:30:57.900,0.0
1900-01-01 13:30:58.000,0.0
1900-01-01 13:30:58.100,-28.0
1900-01-01 13:30:58.200,-1.0
1900-01-01 13:30:58.300,-5.0
1900-01-01 13:30:58.400,45.0
1900-01-01 13:30:58.500,0.0
1900-01-01 13:30:58.600,0.0
1900-01-01 13:30:58.700,-146.0
1900-01-01 13:30:58.800,28.0
1900-01-01 13:30:58.900,0.0
1900-01-01 13:30:59.000,0.0
1900-01-01 13:30:59.100,36.0
1900-01-01 13:30:59.200,0.0
1900-01-01 13:30:59.300,17.0
1900-01-01 13:30:59.400,59.0
1900-01-01 13:30:59.500,0.0
1900-01-01 13:30:59.600,0.0
1900-01-01 13:30:59.700,0.0
1900-01-01 13:30:59.800,0.0
1900-01-01 13:30:59.900,0.0
1900-01-01 13:31:00.000,0.0
1900-01-01 13:31:00.100,54.0
1900-01-01 13:31:00.200,-57.0
1900-01-01 13:31:00.300,42.0
1900-01-01 13:31:00.400,-93.0
1900-01-01 13:31:00.500,86.0
1900-01-01 13:31:00.600,-4.0
1900-01-01 13:31:00.700,-144.0
1900-01-01 13:31:00.800,0.0
1900-01-01 13:31:00.900,0.0
1900-01-01 13:31:01.000,-63.0
1900-01-01 13:31:01.100,81.0
1900-01-01 13:31:01.200,0.0
1900-01-01 13:31:01.300,-51.0
1900-01-01 13:31:01.400,0.0
1900-01-01 13:31:01.500,0.0
1900-01-01 13:31:01.600,-30.0
1900-01-01 13:31:01.700,6.0
1900-01-01 13:31:01.800,0.0
1900-01-01 13:31:01.900,1.0
1900-01-01 13:31:02.000,17.0
1900-01-01 13:31:02.100,-17.0
1900-01-01 13:31:02.200,0.0
1900-01-01 13:31:02.300,8.0
1900-01-01 13:31:02.400,0.0
1900-01-01 13:31:02.500,2.0
1900-01-01 13:31:02.600,0.0
1900-01-01 13:31:02.700,-121.0
1900-01-01 13:31:02.800,0.0
1900-01-01 13:31:02.900,0.0
1900-01-01 13:31:03.000,0.0
1900-01-01 13:31:03.100,0.0
1900-01-01 13:31:03.200,-118.0
1900-01-01 13:31:03.300,72.0
1900-01-01 13:31:03.400,2.0
1900-01-01 13:31:03.500,6.0
1900-01-01 13:31:03.600,10.0
1900-01-01 13:31:03.700,19.0
1900-01-01 13:31:03.800,0.0
1900-01-01 13:31:03.900,43.0
1900-01-01 13:31:04.000,6.0
1900-01-01 13:31:04.100,-5.0
1900-01-01 13:31:04.200,9.0
1900-01-01 13:31:04.300,-5.0
1900-01-01 13:31:04.400,25.0
1900-01-01 13:31:04.500,44.0
1900-01-01 13:31:04.600,0.0
1900-01-01 13:31:04.700,0.0
1900-01-01 13:31:04.800,-148.0
1900-01-01 13:31:04.900,-72.0
1900-01-01 13:31:05.000,0.0
1900-01-01 13:31:05.100,8.0
1900-01-01 13:31:05.200,-3.0
1900-01-01 13:31:05.300,-21.0
1900-01-01 13:31:05.400,18.0
1900-01-01 13:31:05.500,-7.0
1900-01-01 13:31:05.600,0.0
1900-01-01 13:31:05.700,-55.0
1900-01-01 13:31:05.800,65.0
1900-01-01 13:31:05.900,0.0
1900-01-01 13:31:06.000,0.0
1900-01-01 13:31:06.100,0.0
1900-01-01 13:31:06.200,-56.0
1900-01-01 13:31:06.300,0.0
1900-01-01 13:31:06.400,0.0
1900-01-01 13:31:06.500,0.0
1900-01-01 13:31:06.600,-119.0
1900-01-01 13:31:06.700,0.0
1900-01-01 13:31:06.800,8.0
1900-01-01 13:31:06.900,52.0
1900-01-01 13:31:07.000,0.0
1900-01-01 13:31:07.100,0.0
1900-01-01 13:31:07.200,0.0
1900-01-01 13:31:07.300,0.0
1900-01-01 13:31:07.400,0.0
1900-01-01 13:31:07.500,0.0
1900-01-01 13:31:07.600,0.0
1900-01-01 13:31:07.700,0.0
1900-01-01 13:31:07.800,76.0
1900-01-01 13:31:07.900,0.0
1900-01-01 13:31:08.000,0.0
1900-01-01 13:31:08.100,3.0
1900-01-01 13:31:08.200,0.0
1900-01-01 13:31:08.300,0.0
1900-01-01 13:31:08.400,24.0
1900-01-01 13:31:08.500,0.0
1900-01-01 13:31:08.600,0.0
1900-01-01 13:31:08.700,0.0
1900-01-01 13:31:08.800,37.0
1900-01-01 13:31:08.900,-28.0
1900-01-01 13:31:09.000,0.0
1900-01-01 13:31:09.100,0.0
1900-01-01 13:31:09.200,-3.0
1900-01-01 13:31:09.300,0.0
1900-01-01 13:31:09.400,0.0
1900-01-01 13:31:09.500,0.0
1900-01-01 13:31:09.600,33.0
1900-01-01 13:31:09.700,0.0
1900-01-01 13:31:09.800,0.0
1900-01-01 13:31:09.900,0.0
1900-01-01 13:31:10.000,0.0
1900-01-01 13:31:10.100,22.0
1900-01-01 13:31:10.200,0.0
1900-01-01 13:31:10.300,0.0
1900-01-01 13:31:10.400,20.0
1900-01-01 13:31:10.500,-10.0
1900-01-01 13:31:10.600,-14.0
1900-01-01 13:31:10.700,-1.0
1900-01-01 13:31:10.800,0.0
1900-01-01 13:31:10.900,0.0
1900-01-01 13:31:11.000,0.0
1900-01-01 13:31:11.100,116.0
1900-01-01 13:31:11.200,0.0
1900-01-01 13:31:11.300,0.0
1900-01-01 13:31:11.400,-15.0
1900-01-01 13:31:11.500,40.0
1900-01-01 13:31:11.600,60.0
1900-01-01 13:31:11.700,0.0
1900-01-01 13:31:11.800,0.0
1900-01-01 13:31:11.900,-2.0
1900-01-01 13:31:12.000,0.0
1900-01-01 13:31:12.100,-13.0
1900-01-01 13:31:12.200,1.0
1900-01-01 13:31:12.300,27.0
1900-01-01 13:31:12.400,5.0
1900-01-01 13:31:12.500,-18.0
1900-01-01 13:31:12.600,0.0
1900-01-01 13:31:12.700,-48.0
1900-01-01 13:31:12.800,19.0
1900-01-01 13:31:12.900,0.0
1900-01-01 13:31:13.000,0.0
1900-01-01 13:31:13.100,0.0
1900-01-01 13:31:13.200,0.0
1900-01-01 13:31:13.300,0.0
1900-01-01 13:31:13.400,142.0
1900-01-01 13:31:13.500,-28.0
1900-01-01 13:31:13.600,-120.0
1900-01-01 13:31:13.700,0.0
1900-01-01 13:31:13.800,-13.0
1900-01-01 13:31:13.900,0.0
1900-01-01 13:31:14.000,0.0
1900-01-01 13:31:14.100,0.0
1900-01-01 13:31:14.200,0.0
1900-01-01 13:31:14.300,68.0
1900-01-01 13:31:14.400,0.0
1900-01-01 13:31:14.500,6.0
1900-01-01 13:31:14.600,114.0
1900-01-01 13:31:14.700,2.0
1900-01-01 13:31:14.800,0.0
1900-01-01 13:31:14.900,0.0
1900-01-01 13:31:15.000,0.0
1900-01-01 13:31:15.100,0.0
1900-01-01 13:31:15.200,-35.0
1900-01-01 13:31:15.300,114.0
1900-01-01 13:31:15.400,0.0
1900-01-01 13:31:15.500,0.0
1900-01-01 13:31:15.600,0.0
1900-01-01 13:31:15.700,0.0
1900-01-01 13:31:15.800,0.0
1900-01-01 13:31:15.900,17.0
1900-01-01 13:31:16.000,0.0
1900-01-01 13:31:16.100,53.0
1900-01-01 13:31:16.200,0.0
1900-01-01 13:31:16.300,-83.0
1900-01-01 13:31:16.400,11.0
1900-01-01 13:31:16.500,0.0
1900-01-01 13:31:16.600,2.0
1900-01-01 13:31:16.700,0.0
1900-01-01 13:31:16.800,0.0
1900-01-01 13:31:16.900,-53.0
1900-01-01 13:31:17.000,0.0
1900-01-01 13:31:17.100,-60.0
1900-01-01 13:31:17.200,0.0
1900-01-01 13:31:17.300,5.0
1900-01-01 13:31:17.400,10.0
1900-01-01 13:31:17.500,-89.0
1900-01-01 13:31:17.600,0.0
1900-01-01 13:31:17.700,-5.0
1900-01-01 13:31:17.800,-75.0
1900-01-01 13:31:17.900,77.0
1900-01-01 13:31:18.000,0.0
1900-01-01 13:31:18.100,0.0
1900-01-01 13:31:18.200,0.0
1900-01-01 13:31:18.300,0.0
1900-01-01 13:31:18.400,0.0
1900-01-01 13:31:18.500,-60.0
1900-01-01 13:31:18.600,0.0
1900-01-01 13:31:18.700,47.0
1900-01-01 13:31:18.800,40.0
1900-01-01 13:31:18.900,-55.0
1900-01-01 13:31:19.000,0.0
1900-01-01 13:31:19.100,0.0
1900-01-01 13:31:19.200,0.0
1900-01-01 13:31:19.300,-7.0
1900-01-01 13:31:19.400,-72.0
1900-01-01 13:31:19.500,0.0
1900-01-01 13:31:19.600,0.0
1900-01-01 13:31:19.700,0.0
1900-01-01 13:31:19.800,0.0
1900-01-01 13:31:19.900,0.0
1900-01-01 13:31:20.000,0.0
1900-01-01 13:31:20.100,0.0
1900-01-01 13:31:20.200,0.0
1900-01-01 13:31:20.300,0.0
1900-01-01 13:31:20.400,10.0
1900-01-01 13:31:20.500,0.0
1900-01-01 13:31:20.600,-91.0
1900-01-01 13:31:20.700,0.0
1900-01-01 13:31:20.800,0.0
1900-01-01 13:31:20.900,0.0
1900-01-01 13:31:21.000,0.0
1900-01-01 13:31:21.100,0.0
1900-01-01 13:31:21.200,0.0
1900-01-01 13:31:21.300,0.0
1900-01-01 13:31:21.400,125.0
1900-01-01 13:31:21.500,0.0
1900-01-01 13:31:21.600,0.0
1900-01-01 13:31:21.700,-7.0
1900-01-01 13:31:21.800,-27.0
1900-01-01 13:31:21.900,117.0
1900-01-01 13:31:22.000,0.0
1900-01-01 13:31:22.100,0.0
1900-01-01 13:31:22.200,0.0
1900-01-01 13:31:22.300,0.0
1900-01-01 13:31:22.400,0.0
1900-01-01 13:31:22.500,42.0
1900-01-01 13:31:22.600,-9.0
1900-01-01 13:31:22.700,-13.0
1900-01-01 13:31:22.800,0.0
1900-01-01 13:31:22.900,0.0
1900-01-01 13:31:23.000,0.0
1900-01-01 13:31:23.100,0.0
1900-01-01 13:31:23.200,6.0
1900-01-01 13:31:23.300,0.0
1900-01-01 13:31:23.400,-128.0
1900-01-01 13:31:23.500,0.0
1900-01-01 13:31:23.600,0.0
1900-01-01 13:31:23.700,0.0
1900-01-01 13:31:23.800,0.0
1900-01-01 13:31:23.900,0.0
1900-01-01 13:31:24.000,0.0
1900-01-01 13:31:24.100,0.0
1900-01-01 13:31:24.200,0.0
1900-01-01 13:31:24.300,0.0
1900-01-01 13:31:24.400,0.0
1900-01-01 13:31:24.500,0.0
1900-01-01 13:31:24.600,0.0
1900-01-01 13:31:24.700,0.0
1900-01-01 13:31:24.800,0.0
1900-01-01 13:31:24.900,0.0
1900-01-01 13:31:25.000,0.0
1900-01-01 13:31:25.100,0.0
1900-01-01 13:31:25.200,0.0
1900-01-01 13:31:25.300,0.0
1900-01-01 13:31:25.400,-77.0
1900-01-01 13:31:25.500,0.0
1900-01-01 13:31:25.600,0.0
1900-01-01 13:31:25.700,2.0
1900-01-01 13:31:25.800,-4.0
1900-01-01 13:31:25.900,0.0
1900-01-01 13:31:26.000,0.0
1900-01-01 13:31:26.100,-20.0
1900-01-01 13:31:26.200,0.0
1900-01-01 13:31:26.300,-15.0
1900-01-01 13:31:26.400,0.0
1900-01-01 13:31:26.500,0.0
1900-01-01 13:31:26.600,-35.0
1900-01-01 13:31:26.700,14.0
1900-01-01 13:31:26.800,0.0
1900-01-01 13:31:26.900,0.0
1900-01-01 13:31:27.000,0.0
1900-01-01 13:31:27.100,36.0
1900-01-01 13:31:27.200,0.0
1900-01-01 13:31:27.300,-18.0
1900-01-01 13:31:27.400,0.0
1900-01-01 13:31:27.500,0.0
1900-01-01 13:31:27.600,0.0
1900-01-01 13:31:27.700,3.0
1900-01-01 13:31:27.800,-60.0
1900-01-01 13:31:27.900,0.0
1900-01-01 13:31:28.000,0.0
1900-01-01 13:31:28.100,0.0
1900-01-01 13:31:28.200,-14.0
1900-01-01 13:31:28.300,2.0
1900-01-01 13:31:28.400,0.0
1900-01-01 13:31:28.500,0.0
1900-01-01 13:31:28.600,18.0
1900-01-01 13:31:28.700,-77.0
1900-01-01 13:31:28.800,0.0
1900-01-01 13:31:28.900,0.0
1900-01-01 13:31:29.000,0.0
1900-01-01 13:31:29.100,0.0
1900-01-01 13:31:29.200,0.0
1900-01-01 13:31:29.300,70.0
1900-01-01 13:31:29.400,-4.0
1900-01-01 13:31:29.500,0.0
1900-01-01 13:31:29.600,0.0
1900-01-01 13:31:29.700,-72.0
1900-01-01 13:31:29.800,-137.0
1900-01-01 13:31:29.900,16.0
1900-01-01 13:31:30.000,0.0
1900-01-01 13:31:30.100,45.0
1900-01-01 13:31:30.200,-9.0
1900-01-01 13:31:30.300,0.0
1900-01-01 13:31:30.400,-10.0
1900-01-01 13:31:30.500,0.0
1900-01-01 13:31:30.600,0.0
1900-01-01 13:31:30.700,-13.0
1900-01-01 13:31:30.800,-137.0
1900-01-01 13:31:30.900,0.0
1900-01-01 13:31:31.000,0.0
1900-01-01 13:31:31.100,-67.0
1900-01-01 13:31:31.200,-52.0
1900-01-01 13:31:31.300,0.0
1900-01-01 13:31:31.400,0.0
1900-01-01 13:31:31.500,0.0
1900-01-01 13:31:31.600,-67.0
1900-01-01 13:31:31.700,84.0
1900-01-01 13:31:31.800,143.0
1900-01-01 13:31:31.900,60.0
1900-01-01 13:31:32.000,0.0
1900-01-01 13:31:32.100,-95.0
1900-01-01 13:31:32.200,39.0
1900-01-01 13:31:32.300,-18.0
1900-01-01 13:31:32.400,-7.0
1900-01-01 13:31:32.500,53.0
1900-01-01 13:31:32.600,-28.0
1900-01-01 13:31:32.700,-31.0
1900-01-01 13:31:32.800,97.0
1900-01-01 13:31:32.900,0.0
1900-01-01 13:31:33.000,0.0
1900-01-01 13:31:33.100,11.0
1900-01-01 13:31:33.200,32.0
1900-01-01 13:31:33.300,-40.0
1900-01-01 13:31:33.400,0.0
1900-01-01 13:31:33.500,31.0
1900-01-01 13:31:33.600,-24.0
1900-01-01 13:31:33.700,-42.0
1900-01-01 13:31:33.800,10.0
1900-01-01 13:31:33.900,3.0
1900-01-01 13:31:34.000,0.0
1900-01-01 13:31:34.100,-90.0
1900-01-01 13:31:34.200,-28.0
1900-01-01 13:31:34.300,0.0
1900-01-01 13:31:34.400,-7.0
1900-01-01 13:31:34.500,0.0
1900-01-01 13:31:34.600,0.0
1900-01-01 13:31:34.700,-3.0
1900-01-01 13:31:34.800,0.0
1900-01-01 13:31:34.900,-4.0
1900-01-01 13:31:35.000,0.0
1900-01-01 13:31:35.100,-11.0
1900-01-01 13:31:35.200,0.0
1900-01-01 13:31:35.300,3.0
1900-01-01 13:31:35.400,-120.0
1900-01-01 13:31:35.500,0.0
1900-01-01 13:31:35.600,0.0
1900-01-01 13:31:35.700,0.0
1900-01-01 13:31:35.800,62.0
1900-01-01 13:31:35.900,13.0
1900-01-01 13:31:36.000,0.0
1900-01-01 13:31:36.100,0.0
1900-01-01 13:31:36.200,3.0
1900-01-01 13:31:36.300,-4.0
1900-01-01 13:31:36.400,126.0
1900-01-01 13:31:36.500,0.0
1900-01-01 13:31:36.600,0.0
1900-01-01 13:31:36.700,19.0
1900-01-01 13:31:36.800,-26.0
1900-01-01 13:31:36.900,0.0
1900-01-01 13:31:37.000,0.0
1900-01-01 13:31:37.100,0.0
1900-01-01 13:31:37.200,0.0
1900-01-01 13:31:37.300,2.0
1900-01-01 13:31:37.400,-74.0
1900-01-01 13:31:37.500,6.0
1900-01-01 13:31:37.600,0.0
1900-01-01 13:31:37.700,0.0
1900-01-01 13:31:37.800,0.0
1900-01-01 13:31:37.900,-3.0
1900-01-01 13:31:38.000,0.0
1900-01-01 13:31:38.100,-5.0
1900-01-01 13:31:38.200,31.0
1900-01-01 13:31:38.300,-211.0
1900-01-01 13:31:38.400,-7.0
1900-01-01 13:31:38.500,0.0
1900-01-01 13:31:38.600,0.0
1900-01-01 13:31:38.700,0.0
1900-01-01 13:31:38.800,-60.0
1900-01-01 13:31:38.900,24.0
1900-01-01 13:31:39.000,0.0
1900-01-01 13:31:39.100,-6.0
1900-01-01 13:31:39.200,0.0
1900-01-01 13:31:39.300,69.0
1900-01-01 13:31:39.400,0.0
1900-01-01 13:31:39.500,0.0
1900-01-01 13:31:39.600,0.0
1900-01-01 13:31:39.700,-146.0
1900-01-01 13:31:39.800,0.0
1900-01-01 13:31:39.900,8.0
1900-01-01 13:31:40.000,0.0
1900-01-01 13:31:40.100,32.0
1900-01-01 13:31:40.200,0.0
1900-01-01 13:31:40.300,0.0
1900-01-01 13:31:40.400,45.0
1900-01-01 13:31:40.500,3.0
1900-01-01 13:31:40.600,35.0
1900-01-01 13:31:40.700,0.0
1900-01-01 13:31:40.800,87.0
1900-01-01 13:31:40.900,-27.0
1900-01-01 13:31:41.000,0.0
1900-01-01 13:31:41.100,0.0
1900-01-01 13:31:41.200,0.0
1900-01-01 13:31:41.300,0.0
1900-01-01 13:31:41.400,0.0
1900-01-01 13:31:41.500,-8.0
1900-01-01 13:31:41.600,0.0
1900-01-01 13:31:41.700,-361.0
1900-01-01 13:31:41.800,16.0
1900-01-01 13:31:41.900,0.0
1900-01-01 13:31:42.000,0.0
1900-01-01 13:31:42.100,0.0
1900-01-01 13:31:42.200,0.0
1900-01-01 13:31:42.300,60.0
1900-01-01 13:31:42.400,-62.0
1900-01-01 13:31:42.500,5.0
1900-01-01 13:31:42.600,55.0
1900-01-01 13:31:42.700,0.0
1900-01-01 13:31:42.800,-2.0
1900-01-01 13:31:42.900,-58.0
1900-01-01 13:31:43.000,0.0
1900-01-01 13:31:43.100,27.0
1900-01-01 13:31:43.200,0.0
1900-01-01 13:31:43.300,9.0
1900-01-01 13:31:43.400,1.0
1900-01-01 13:31:43.500,-2.0
1900-01-01 13:31:43.600,-9.0
1900-01-01 13:31:43.700,2.0
1900-01-01 13:31:43.800,9.0
1900-01-01 13:31:43.900,-1.0
1900-01-01 13:31:44.000,0.0
1900-01-01 13:31:44.100,-27.0
1900-01-01 13:31:44.200,0.0
1900-01-01 13:31:44.300,2.0
1900-01-01 13:31:44.400,45.0
1900-01-01 13:31:44.500,0.0
1900-01-01 13:31:44.600,-1.0
1900-01-01 13:31:44.700,0.0
1900-01-01 13:31:44.800,0.0
1900-01-01 13:31:44.900,-150.0
1900-01-01 13:31:45.000,0.0
1900-01-01 13:31:45.100,0.0
1900-01-01 13:31:45.200,0.0
1900-01-01 13:31:45.300,0.0
1900-01-01 13:31:45.400,0.0
1900-01-01 13:31:45.500,-16.0
1900-01-01 13:31:45.600,-24.0
1900-01-01 13:31:45.700,23.0
1900-01-01 13:31:45.800,-11.0
1900-01-01 13:31:45.900,0.0
1900-01-01 13:31:46.000,0.0
1900-01-01 13:31:46.100,0.0
1900-01-01 13:31:46.200,5.0
1900-01-01 13:31:46.300,0.0
1900-01-01 13:31:46.400,-34.0
1900-01-01 13:31:46.500,131.0
1900-01-01 13:31:46.600,34.0
1900-01-01 13:31:46.700,2.0
1900-01-01 13:31:46.800,-5.0
1900-01-01 13:31:46.900,-47.0
1900-01-01 13:31:47.000,0.0
1900-01-01 13:31:47.100,0.0
1900-01-01 13:31:47.200,0.0
1900-01-01 13:31:47.300,0.0
1900-01-01 13:31:47.400,120.0
1900-01-01 13:31:47.500,-26.0
1900-01-01 13:31:47.600,51.0
1900-01-01 13:31:47.700,-5.0
1900-01-01 13:31:47.800,0.0
1900-01-01 13:31:47.900,87.0
1900-01-01 13:31:48.000,0.0
1900-01-01 13:31:48.100,22.0
1900-01-01 13:31:48.200,-95.0
1900-01-01 13:31:48.300,96.0
1900-01-01 13:31:48.400,0.0
1900-01-01 13:31:48.500,0.0
1900-01-01 13:31:48.600,-50.0
1900-01-01 13:31:48.700,18.0
1900-01-01 13:31:48.800,-148.0
1900-01-01 13:31:48.900,5.0
1900-01-01 13:31:49.000,0.0
1900-01-01 13:31:49.100,3.0
1900-01-01 13:31:49.200,18.0
1900-01-01 13:31:49.300,-14.0
1900-01-01 13:31:49.400,2.0
1900-01-01 13:31:49.500,0.0
1900-01-01 13:31:49.600,7.0
1900-01-01 13:31:49.700,27.0
1900-01-01 13:31:49.800,0.0
1900-01-01 13:31:49.900,22.0
1900-01-01 13:31:50.000,0.0
1900-01-01 13:31:50.100,14.0
1900-01-01 13:31:50.200,0.0
1900-01-01 13:31:50.300,0.0
1900-01-01 13:31:50.400,0.0
1900-01-01 13:31:50.500,-80.0
1900-01-01 13:31:50.600,32.0
1900-01-01 13:31:50.700,0.0
1900-01-01 13:31:50.800,0.0
1900-01-01 13:31:50.900,-24.0
1900-01-01 13:31:51.000,0.0
1900-01-01 13:31:51.100,0.0
1900-01-01 13:31:51.200,131.0
1900-01-01 13:31:51.300,101.0
1900-01-01 13:31:51.400,13.0
1900-01-01 13:31:51.500,0.0
1900-01-01 13:31:51.600,105.0
1900-01-01 13:31:51.700,5.0
1900-01-01 13:31:51.800,0.0
1900-01-01 13:31:51.900,63.0
1900-01-01 13:31:52.000,0.0
1900-01-01 13:31:52.100,0.0
1900-01-01 13:31:52.200,1.0
1900-01-01 13:31:52.300,-28.0
1900-01-01 13:31:52.400,0.0
1900-01-01 13:31:52.500,0.0
1900-01-01 13:31:52.600,0.0
1900-01-01 13:31:52.700,0.0
1900-01-01 13:31:52.800,0.0
1900-01-01 13:31:52.900,-42.0
1900-01-01 13:31:53.000,0.0
1900-01-01 13:31:53.100,0.0
1900-01-01 13:31:53.200,0.0
1900-01-01 13:31:53.300,0.0
1900-01-01 13:31:53.400,0.0
1900-01-01 13:31:53.500,58.0
1900-01-01 13:31:53.600,-82.0
1900-01-01 13:31:53.700,75.0
1900-01-01 13:31:53.800,0.0
1900-01-01 13:31:53.900,0.0
1900-01-01 13:31:54.000,0.0
1900-01-01 13:31:54.100,0.0
1900-01-01 13:31:54.200,71.0
1900-01-01 13:31:54.300,0.0
1900-01-01 13:31:54.400,0.0
1900-01-01 13:31:54.500,-31.0
1900-01-01 13:31:54.600,0.0
1900-01-01 13:31:54.700,0.0
1900-01-01 13:31:54.800,-69.0
1900-01-01 13:31:54.900,0.0
1900-01-01 13:31:55.000,0.0
1900-01-01 13:31:55.100,-16.0
1900-01-01 13:31:55.200,-14.0
1900-01-01 13:31:55.300,-2.0
1900-01-01 13:31:55.400,0.0
1900-01-01 13:31:55.500,0.0
1900-01-01 13:31:55.600,0.0
1900-01-01 13:31:55.700,0.0
1900-01-01 13:31:55.800,-28.0
1900-01-01 13:31:55.900,0.0
1900-01-01 13:31:56.000,0.0
1900-01-01 13:31:56.100,0.0
1900-01-01 13:31:56.200,0.0
1900-01-01 13:31:56.300,0.0
1900-01-01 13:31:56.400,0.0
1900-01-01 13:31:56.500,0.0
1900-01-01 13:31:56.600,-33.0
1900-01-01 13:31:56.700,0.0
1900-01-01 13:31:56.800,0.0
1900-01-01 13:31:56.900,70.0
1900-01-01 13:31:57.000,0.0
1900-01-01 13:31:57.100,0.0
1900-01-01 13:31:57.200,41.0
1900-01-01 13:31:57.300,0.0
1900-01-01 13:31:57.400,0.0
1900-01-01 13:31:57.500,0.0
1900-01-01 13:31:57.600,0.0
1900-01-01 13:31:57.700,0.0
1900-01-01 13:31:57.800,9.0
1900-01-01 13:31:57.900,0.0
1900-01-01 13:31:58.000,0.0
1900-01-01 13:31:58.100,-17.0
1900-01-01 13:31:58.200,-93.0
1900-01-01 13:31:58.300,57.0
1900-01-01 13:31:58.400,-53.0
1900-01-01 13:31:58.500,43.0
1900-01-01 13:31:58.600,4.0
1900-01-01 13:31:58.700,0.0
1900-01-01 13:31:58.800,0.0
1900-01-01 13:31:58.900,50.0
1900-01-01 13:31:59.000,0.0
1900-01-01 13:31:59.100,0.0
1900-01-01 13:31:59.200,0.0
1900-01-01 13:31:59.300,0.0
1900-01-01 13:31:59.400,0.0
1900-01-01 13:31:59.500,0.0
1900-01-01 13:31:59.600,-89.0
1900-01-01 13:31:59.700,3.0
1900-01-01 13:31:59.800,32.0
1900-01-01 13:31:59.900,-44.0
1900-01-01 13:32:00.000,0.0
1900-01-01 13:32:00.100,6.0
1900-01-01 13:32:00.200,-102.0
1900-01-01 13:32:00.300,-27.0
1900-01-01 13:32:00.400,-39.0
1900-01-01 13:32:00.500,17.0
1900-01-01 13:32:00.600,0.0
1900-01-01 13:32:00.700,4.0
1900-01-01 13:32:00.800,0.0
1900-01-01 13:32:00.900,0.0
1900-01-01 13:32:01.000,0.0
1900-01-01 13:32:01.100,-75.0
1900-01-01 13:32:01.200,-33.0
1900-01-01 13:32:01.300,83.0
1900-01-01 13:32:01.400,-18.0
1900-01-01 13:32:01.500,-16.0
1900-01-01 13:32:01.600,0.0
1900-01-01 13:32:01.700,0.0
1900-01-01 13:32:01.800,0.0
1900-01-01 13:32:01.900,0.0
1900-01-01 13:32:02.000,0.0
1900-01-01 13:32:02.100,0.0
1900-01-01 13:32:02.200,0.0
1900-01-01 13:32:02.300,52.0
1900-01-01 13:32:02.400,0.0
1900-01-01 13:32:02.500,0.0
1900-01-01 13:32:02.600,-63.0
1900-01-01 13:32:02.700,-83.0
1900-01-01 13:32:02.800,0.0
1900-01-01 13:32:02.900,-305.0
1900-01-01 13:32:03.000,0.0
1900-01-01 13:32:03.100,-32.0
1900-01-01 13:32:03.200,0.0
1900-01-01 13:32:03.300,0.0
1900-01-01 13:32:03.400,0.0
1900-01-01 13:32:03.500,-2.0
1900-01-01 13:32:03.600,-144.0
1900-01-01 13:32:03.700,-48.0
1900-01-01 13:32:03.800,3.0
1900-01-01 13:32:03.900,-39.0
1900-01-01 13:32:04.000,0.0
1900-01-01 13:32:04.100,-44.0
1900-01-01 13:32:04.200,-1.0
1900-01-01 13:32:04.300,16.0
1900-01-01 13:32:04.400,0.0
1900-01-01 13:32:04.500,12.0
1900-01-01 13:32:04.600,24.0
1900-01-01 13:32:04.700,40.0
1900-01-01 13:32:04.800,50.0
1900-01-01 13:32:04.900,0.0
1900-01-01 13:32:05.000,0.0
1900-01-01 13:32:05.100,-1.0
1900-01-01 13:32:05.200,-30.0
1900-01-01 13:32:05.300,0.0
1900-01-01 13:32:05.400,0.0
1900-01-01 13:32:05.500,-13.0
1900-01-01 13:32:05.600,-1.0
1900-01-01 13:32:05.700,-81.0
1900-01-01 13:32:05.800,13.0
1900-01-01 13:32:05.900,0.0
1900-01-01 13:32:06.000,0.0
1900-01-01 13:32:06.100,0.0
1900-01-01 13:32:06.200,70.0
1900-01-01 13:32:06.300,9.0
1900-01-01 13:32:06.400,0.0
1900-01-01 13:32:06.500,0.0
1900-01-01 13:32:06.600,0.0
1900-01-01 13:32:06.700,0.0
1900-01-01 13:32:06.800,-121.0
1900-01-01 13:32:06.900,0.0
1900-01-01 13:32:07.000,0.0
1900-01-01 13:32:07.100,0.0
1900-01-01 13:32:07.200,0.0
1900-01-01 13:32:07.300,0.0
1900-01-01 13:32:07.400,-120.0
1900-01-01 13:32:07.500,-72.0
1900-01-01 13:32:07.600,-12.0
1900-01-01 13:32:07.700,37.0
1900-01-01 13:32:07.800,0.0
1900-01-01 13:32:07.900,20.0
1900-01-01 13:32:08.000,0.0
1900-01-01 13:32:08.100,4.0
1900-01-01 13:32:08.200,10.0
1900-01-01 13:32:08.300,0.0
1900-01-01 13:32:08.400,-1.0
1900-01-01 13:32:08.500,0.0
1900-01-01 13:32:08.600,0.0
1900-01-01 13:32:08.700,0.0
1900-01-01 13:32:08.800,-7.0
1900-01-01 13:32:08.900,0.0
1900-01-01 13:32:09.000,0.0
1900-01-01 13:32:09.100,-29.0
1900-01-01 13:32:09.200,0.0
1900-01-01 13:32:09.300,0.0
1900-01-01 13:32:09.400,-20.0
1900-01-01 13:32:09.500,0.0
1900-01-01 13:32:09.600,0.0
1900-01-01 13:32:09.700,137.0
1900-01-01 13:32:09.800,0.0
1900-01-01 13:32:09.900,0.0
1900-01-01 13:32:10.000,0.0
1900-01-01 13:32:10.100,10.0
1900-01-01 13:32:10.200,-7.0
1900-01-01 13:32:10.300,-13.0
1900-01-01 13:32:10.400,0.0
1900-01-01 13:32:10.500,-5.0
1900-01-01 13:32:10.600,0.0
1900-01-01 13:32:10.700,132.0
1900-01-01 13:32:10.800,4.0
1900-01-01 13:32:10.900,0.0
1900-01-01 13:32:11.000,0.0
1900-01-01 13:32:11.100,0.0
1900-01-01 13:32:11.200,52.0
1900-01-01 13:32:11.300,3.0
1900-01-01 13:32:11.400,0.0
1900-01-01 13:32:11.500,0.0
1900-01-01 13:32:11.600,0.0
1900-01-01 13:32:11.700,191.0
1900-01-01 13:32:11.800,44.0
1900-01-01 13:32:11.900,0.0
1900-01-01 13:32:12.000,0.0
1900-01-01 13:32:12.100,-20.0
1900-01-01 13:32:12.200,0.0
1900-01-01 13:32:12.300,0.0
1900-01-01 13:32:12.400,0.0
1900-01-01 13:32:12.500,0.0
1900-01-01 13:32:12.600,0.0
1900-01-01 13:32:12.700,19.0
1900-01-01 13:32:12.800,-123.0
1900-01-01 13:32:12.900,-27.0
1900-01-01 13:32:13.000,0.0
1900-01-01 13:32:13.100,112.0
1900-01-01 13:32:13.200,61.0
1900-01-01 13:32:13.300,-9.0
1900-01-01 13:32:13.400,-1.0
1900-01-01 13:32:13.500,-5.0
1900-01-01 13:32:13.600,31.0
1900-01-01 13:32:13.700,-6.0
1900-01-01 13:32:13.800,-54.0
1900-01-01 13:32:13.900,16.0
1900-01-01 13:32:14.000,0.0
1900-01-01 13:32:14.100,44.0
1900-01-01 13:32:14.200,6.0
1900-01-01 13:32:14.300,0.0
1900-01-01 13:32:14.400,0.0
1900-01-01 13:32:14.500,0.0
1900-01-01 13:32:14.600,-33.0
1900-01-01 13:32:14.700,-28.0
1900-01-01 13:32:14.800,27.0
1900-01-01 13:32:14.900,0.0
1900-01-01 13:32:15.000,0.0
1900-01-01 13:32:15.100,-83.0
1900-01-01 13:32:15.200,0.0
1900-01-01 13:32:15.300,8.0
1900-01-01 13:32:15.400,-27.0
1900-01-01 13:32:15.500,0.0
1900-01-01 13:32:15.600,0.0
1900-01-01 13:32:15.700,34.0
1900-01-01 13:32:15.800,-11.0
1900-01-01 13:32:15.900,0.0
1900-01-01 13:32:16.000,0.0
1900-01-01 13:32:16.100,0.0
1900-01-01 13:32:16.200,0.0
1900-01-01 13:32:16.300,0.0
1900-01-01 13:32:16.400,0.0
1900-01-01 13:32:16.500,0.0
1900-01-01 13:32:16.600,0.0
1900-01-01 13:32:16.700,-25.0
1900-01-01 13:32:16.800,-101.0
1900-01-01 13:32:16.900,0.0
1900-01-01 13:32:17.000,0.0
1900-01-01 13:32:17.100,41.0
1900-01-01 13:32:17.200,15.0
1900-01-01 13:32:17.300,1.0
1900-01-01 13:32:17.400,2.0
1900-01-01 13:32:17.500,3.0
1900-01-01 13:32:17.600,-71.0
1900-01-01 13:32:17.700,0.0
1900-01-01 13:32:17.800,-181.0
1900-01-01 13:32:17.900,-60.0
1900-01-01 13:32:18.000,0.0
1900-01-01 13:32:18.100,55.0
1900-01-01 13:32:18.200,0.0
1900-01-01 13:32:18.300,0.0
1900-01-01 13:32:18.400,0.0
1900-01-01 13:32:18.500,78.0
1900-01-01 13:32:18.600,0.0
1900-01-01 13:32:18.700,0.0
1900-01-01 13:32:18.800,0.0
1900-01-01 13:32:18.900,0.0
1900-01-01 13:32:19.000,0.0
1900-01-01 13:32:19.100,-110.0
1900-01-01 13:32:19.200,0.0
1900-01-01 13:32:19.300,-36.0
1900-01-01 13:32:19.400,46.0
1900-01-01 13:32:19.500,121.0
1900-01-01 13:32:19.600,0.0
1900-01-01 13:32:19.700,-47.0
1900-01-01 13:32:19.800,-2.0
1900-01-01 13:32:19.900,0.0
1900-01-01 13:32:20.000,0.0
1900-01-01 13:32:20.100,0.0
1900-01-01 13:32:20.200,0.0
1900-01-01 13:32:20.300,0.0
1900-01-01 13:32:20.400,127.0
1900-01-01 13:32:20.500,2.0
1900-01-01 13:32:20.600,134.0
1900-01-01 13:32:20.700,0.0
1900-01-01 13:32:20.800,0.0
1900-01-01 13:32:20.900,63.0
1900-01-01 13:32:21.000,0.0
1900-01-01 13:32:21.100,1.0
1900-01-01 13:32:21.200,-16.0
1900-01-01 13:32:21.300,-15.0
1900-01-01 13:32:21.400,153.0
1900-01-01 13:32:21.500,2.0
1900-01-01 13:32:21.600,0.0
1900-01-01 13:32:21.700,102.0
1900-01-01 13:32:21.800,32.0
1900-01-01 13:32:21.900,0.0
1900-01-01 13:32:22.000,0.0
1900-01-01 13:32:22.100,0.0
1900-01-01 13:32:22.200,0.0
1900-01-01 13:32:22.300,-127.0
1900-01-01 13:32:22.400,0.0
1900-01-01 13:32:22.500,0.0
1900-01-01 13:32:22.600,0.0
1900-01-01 13:32:22.700,45.0
1900-01-01 13:32:22.800,-38.0
1900-01-01 13:32:22.900,0.0
1900-01-01 13:32:23.000,0.0
1900-01-01 13:32:23.100,0.0
1900-01-01 13:32:23.200,7.0
1900-01-01 13:32:23.300,0.0
1900-01-01 13:32:23.400,230.0
1900-01-01 13:32:23.500,-73.0
1900-01-01 13:32:23.600,0.0
1900-01-01 13:32:23.700,0.0
1900-01-01 13:32:23.800,0.0
1900-01-01 13:32:23.900,-30.0
1900-01-01 13:32:24.000,0.0
1900-01-01 13:32:24.100,0.0
1900-01-01 13:32:24.200,-21.0
1900-01-01 13:32:24.300,-2.0
1900-01-01 13:32:24.400,0.0
1900-01-01 13:32:24.500,0.0
1900-01-01 13:32:24.600,0.0
1900-01-01 13:32:24.700,-76.0
1900-01-01 13:32:24.800,0.0
1900-01-01 13:32:24.900,0.0
1900-01-01 13:32:25.000,0.0
1900-01-01 13:32:25.100,0.0
1900-01-01 13:32:25.200,0.0
1900-01-01 13:32:25.300,0.0
1900-01-01 13:32:25.400,-51.0
1900-01-01 13:32:25.500,111.0
1900-01-01 13:32:25.600,196.0
1900-01-01 13:32:25.700,5.0
1900-01-01 13:32:25.800,31.0
1900-01-01 13:32:25.900,-6.0
1900-01-01 13:32:26.000,0.0
1900-01-01 13:32:26.100,0.0
1900-01-01 13:32:26.200,0.0
1900-01-01 13:32:26.300,-2.0
1900-01-01 13:32:26.400,-3.0
1900-01-01 13:32:26.500,0.0
1900-01-01 13:32:26.600,-55.0
1900-01-01 13:32:26.700,0.0
1900-01-01 13:32:26.800,70.0
1900-01-01 13:32:26.900,0.0
1900-01-01 13:32:27.000,0.0
1900-01-01 13:32:27.100,0.0
1900-01-01 13:32:27.200,-21.0
1900-01-01 13:32:27.300,0.0
1900-01-01 13:32:27.400,-142.0
1900-01-01 13:32:27.500,0.0
1900-01-01 13:32:27.600,0.0
1900-01-01 13:32:27.700,15.0
1900-01-01 13:32:27.800,6.0
1900-01-01 13:32:27.900,83.0
1900-01-01 13:32:28.000,0.0
1900-01-01 13:32:28.100,0.0
1900-01-01 13:32:28.200,0.0
1900-01-01 13:32:28.300,-7.0
1900-01-01 13:32:28.400,0.0
1900-01-01 13:32:28.500,0.0
1900-01-01 13:32:28.600,0.0
1900-01-01 13:32:28.700,-3.0
1900-01-01 13:32:28.800,-18.0
1900-01-01 13:32:28.900,0.0
1900-01-01 13:32:29.000,0.0
1900-01-01 13:32:29.100,0.0
1900-01-01 13:32:29.200,-100.0
1900-01-01 13:32:29.300,0.0
1900-01-01 13:32:29.400,-12.0
1900-01-01 13:32:29.500,0.0
1900-01-01 13:32:29.600,0.0
1900-01-01 13:32:29.700,-19.0
1900-01-01 13:32:29.800,3.0
1900-01-01 13:32:29.900,0.0
1900-01-01 13:32:30.000,0.0
1900-01-01 13:32:30.100,0.0
1900-01-01 13:32:30.200,0.0
1900-01-01 13:32:30.300,7.0
1900-01-01 13:32:30.400,23.0
1900-01-01 13:32:30.500,32.0
1900-01-01 13:32:30.600,0.0
1900-01-01 13:32:30.700,6.0
1900-01-01 13:32:30.800,0.0
1900-01-01 13:32:30.900,0.0
1900-01-01 13:32:31.000,0.0
1900-01-01 13:32:31.100,0.0
1900-01-01 13:32:31.200,0.0
1900-01-01 13:32:31.300,0.0
1900-01-01 13:32:31.400,0.0
1900-01-01 13:32:31.500,17.0
1900-01-01 13:32:31.600,0.0
1900-01-01 13:32:31.700,0.0
1900-01-01 13:32:31.800,0.0
1900-01-01 13:32:31.900,-17.0
1900-01-01 13:32:32.000,0.0
1900-01-01 13:32:32.100,0.0
1900-01-01 13:32:32.200,0.0
1900-01-01 13:32:32.300,-67.0
1900-01-01 13:32:32.400,0.0
1900-01-01 13:32:32.500,0.0
1900-01-01 13:32:32.600,0.0
1900-01-01 13:32:32.700,0.0
1900-01-01 13:32:32.800,0.0
1900-01-01 13:32:32.900,-20.0
1900-01-01 13:32:33.000,0.0
1900-01-01 13:32:33.100,93.0
1900-01-01 13:32:33.200,0.0
1900-01-01 13:32:33.300,0.0
1900-01-01 13:32:33.400,-89.0
1900-01-01 13:32:33.500,199.0
1900-01-01 13:32:33.600,0.0
1900-01-01 13:32:33.700,18.0
1900-01-01 13:32:33.800,-125.0
1900-01-01 13:32:33.900,-29.0
1900-01-01 13:32:34.000,0.0
1900-01-01 13:32:34.100,-4.0
1900-01-01 13:32:34.200,0.0
1900-01-01 13:32:34.300,-41.0
1900-01-01 13:32:34.400,76.0
1900-01-01 13:32:34.500,46.0
1900-01-01 13:32:34.600,51.0
1900-01-01 13:32:34.700,0.0
1900-01-01 13:32:34.800,149.0
1900-01-01 13:32:34.900,2.0
1900-01-01 13:32:35.000,0.0
1900-01-01 13:32:35.100,-38.0
1900-01-01 13:32:35.200,0.0
1900-01-01 13:32:35.300,0.0
1900-01-01 13:32:35.400,82.0
1900-01-01 13:32:35.500,-32.0
1900-01-01 13:32:35.600,218.0
1900-01-01 13:32:35.700,137.0
1900-01-01 13:32:35.800,-90.0
1900-01-01 13:32:35.900,0.0
1900-01-01 13:32:36.000,0.0
1900-01-01 13:32:36.100,3.0
1900-01-01 13:32:36.200,12.0
1900-01-01 13:32:36.300,0.0
1900-01-01 13:32:36.400,-32.0
1900-01-01 13:32:36.500,0.0
1900-01-01 13:32:36.600,25.0
1900-01-01 13:32:36.700,0.0
1900-01-01 13:32:36.800,0.0
1900-01-01 13:32:36.900,0.0
1900-01-01 13:32:37.000,0.0
1900-01-01 13:32:37.100,-3.0
1900-01-01 13:32:37.200,23.0
1900-01-01 13:32:37.300,13.0
1900-01-01 13:32:37.400,-1.0
1900-01-01 13:32:37.500,21.0
1900-01-01 13:32:37.600,0.0
1900-01-01 13:32:37.700,0.0
1900-01-01 13:32:37.800,0.0
1900-01-01 13:32:37.900,6.0
1900-01-01 13:32:38.000,0.0
1900-01-01 13:32:38.100,116.0
1900-01-01 13:32:38.200,0.0
1900-01-01 13:32:38.300,18.0
1900-01-01 13:32:38.400,0.0
1900-01-01 13:32:38.500,-5.0
1900-01-01 13:32:38.600,0.0
1900-01-01 13:32:38.700,0.0
1900-01-01 13:32:38.800,-14.0
1900-01-01 13:32:38.900,4.0
1900-01-01 13:32:39.000,0.0
1900-01-01 13:32:39.100,-3.0
1900-01-01 13:32:39.200,0.0
1900-01-01 13:32:39.300,112.0
1900-01-01 13:32:39.400,0.0
1900-01-01 13:32:39.500,0.0
1900-01-01 13:32:39.600,0.0
1900-01-01 13:32:39.700,0.0
1900-01-01 13:32:39.800,5.0
1900-01-01 13:32:39.900,66.0
1900-01-01 13:32:40.000,0.0
1900-01-01 13:32:40.100,0.0
1900-01-01 13:32:40.200,0.0
1900-01-01 13:32:40.300,-47.0
1900-01-01 13:32:40.400,49.0
1900-01-01 13:32:40.500,0.0
1900-01-01 13:32:40.600,0.0
1900-01-01 13:32:40.700,0.0
1900-01-01 13:32:40.800,-35.0
1900-01-01 13:32:40.900,21.0
1900-01-01 13:32:41.000,0.0
1900-01-01 13:32:41.100,0.0
1900-01-01 13:32:41.200,0.0
1900-01-01 13:32:41.300,0.0
1900-01-01 13:32:41.400,-78.0
1900-01-01 13:32:41.500,0.0
1900-01-01 13:32:41.600,0.0
1900-01-01 13:32:41.700,0.0
1900-01-01 13:32:41.800,0.0
1900-01-01 13:32:41.900,190.0
1900-01-01 13:32:42.000,0.0
1900-01-01 13:32:42.100,17.0
1900-01-01 13:32:42.200,0.0
1900-01-01 13:32:42.300,-9.0
1900-01-01 13:32:42.400,0.0
1900-01-01 13:32:42.500,0.0
1900-01-01 13:32:42.600,0.0
1900-01-01 13:32:42.700,-18.0
1900-01-01 13:32:42.800,0.0
1900-01-01 13:32:42.900,0.0
1900-01-01 13:32:43.000,0.0
1900-01-01 13:32:43.100,-5.0
1900-01-01 13:32:43.200,-83.0
1900-01-01 13:32:43.300,81.0
1900-01-01 13:32:43.400,-8.0
1900-01-01 13:32:43.500,-95.0
1900-01-01 13:32:43.600,0.0
1900-01-01 13:32:43.700,22.0
1900-01-01 13:32:43.800,-9.0
1900-01-01 13:32:43.900,0.0
1900-01-01 13:32:44.000,0.0
1900-01-01 13:32:44.100,0.0
1900-01-01 13:32:44.200,0.0
1900-01-01 13:32:44.300,0.0
1900-01-01 13:32:44.400,0.0
1900-01-01 13:32:44.500,-63.0
1900-01-01 13:32:44.600,-106.0
1900-01-01 13:32:44.700,0.0
1900-01-01 13:32:44.800,-27.0
1900-01-01 13:32:44.900,0.0
1900-01-01 13:32:45.000,0.0
1900-01-01 13:32:45.100,-9.0
1900-01-01 13:32:45.200,-42.0
1900-01-01 13:32:45.300,2.0
1900-01-01 13:32:45.400,0.0
1900-01-01 13:32:45.500,-6.0
1900-01-01 13:32:45.600,0.0
1900-01-01 13:32:45.700,0.0
1900-01-01 13:32:45.800,-10.0
1900-01-01 13:32:45.900,95.0
1900-01-01 13:32:46.000,0.0
1900-01-01 13:32:46.100,0.0
1900-01-01 13:32:46.200,0.0
1900-01-01 13:32:46.300,0.0
1900-01-01 13:32:46.400,0.0
1900-01-01 13:32:46.500,0.0
1900-01-01 13:32:46.600,31.0
1900-01-01 13:32:46.700,0.0
1900-01-01 13:32:46.800,0.0
1900-01-01 13:32:46.900,0.0
1900-01-01 13:32:47.000,0.0
1900-01-01 13:32:47.100,10.0
1900-01-01 13:32:47.200,17.0
1900-01-01 13:32:47.300,0.0
1900-01-01 13:32:47.400,0.0
1900-01-01 13:32:47.500,13.0
1900-01-01 13:32:47.600,-50.0
1900-01-01 13:32:47.700,0.0
1900-01-01 13:32:47.800,0.0
1900-01-01 13:32:47.900,35.0
1900-01-01 13:32:48.000,0.0
1900-01-01 13:32:48.100,3.0
1900-01-01 13:32:48.200,0.0
1900-01-01 13:32:48.300,22.0
1900-01-01 13:32:48.400,-6.0
1900-01-01 13:32:48.500,-2.0
1900-01-01 13:32:48.600,0.0
1900-01-01 13:32:48.700,0.0
1900-01-01 13:32:48.800,-72.0
1900-01-01 13:32:48.900,0.0
1900-01-01 13:32:49.000,0.0
1900-01-01 13:32:49.100,0.0
1900-01-01 13:32:49.200,-37.0
1900-01-01 13:32:49.300,-11.0
1900-01-01 13:32:49.400,0.0
1900-01-01 13:32:49.500,0.0
1900-01-01 13:32:49.600,0.0
1900-01-01 13:32:49.700,0.0
1900-01-01 13:32:49.800,0.0
1900-01-01 13:32:49.900,0.0
1900-01-01 13:32:50.000,0.0
1900-01-01 13:32:50.100,0.0
1900-01-01 13:32:50.200,-18.0
1900-01-01 13:32:50.300,0.0
1900-01-01 13:32:50.400,0.0
1900-01-01 13:32:50.500,34.0
1900-01-01 13:32:50.600,0.0
1900-01-01 13:32:50.700,56.0
1900-01-01 13:32:50.800,0.0
1900-01-01 13:32:50.900,0.0
1900-01-01 13:32:51.000,0.0
1900-01-01 13:32:51.100,0.0
1900-01-01 13:32:51.200,0.0
1900-01-01 13:32:51.300,0.0
1900-01-01 13:32:51.400,-20.0
1900-01-01 13:32:51.500,21.0
1900-01-01 13:32:51.600,-115.0
1900-01-01 13:32:51.700,-2.0
1900-01-01 13:32:51.800,0.0
1900-01-01 13:32:51.900,0.0
1900-01-01 13:32:52.000,0.0
1900-01-01 13:32:52.100,0.0
1900-01-01 13:32:52.200,65.0
1900-01-01 13:32:52.300,5.0
1900-01-01 13:32:52.400,41.0
1900-01-01 13:32:52.500,54.0
1900-01-01 13:32:52.600,0.0
1900-01-01 13:32:52.700,-10.0
1900-01-01 13:32:52.800,3.0
1900-01-01 13:32:52.900,0.0
1900-01-01 13:32:53.000,0.0
1900-01-01 13:32:53.100,3.0
1900-01-01 13:32:53.200,1.0
1900-01-01 13:32:53.300,-7.0
1900-01-01 13:32:53.400,25.0
1900-01-01 13:32:53.500,0.0
1900-01-01 13:32:53.600,44.0
1900-01-01 13:32:53.700,9.0
1900-01-01 13:32:53.800,77.0
1900-01-01 13:32:53.900,0.0
1900-01-01 13:32:54.000,0.0
1900-01-01 13:32:54.100,0.0
1900-01-01 13:32:54.200,0.0
1900-01-01 13:32:54.300,8.0
1900-01-01 13:32:54.400,0.0
1900-01-01 13:32:54.500,77.0
1900-01-01 13:32:54.600,-1.0
1900-01-01 13:32:54.700,3.0
1900-01-01 13:32:54.800,-2.0
1900-01-01 13:32:54.900,-52.0
1900-01-01 13:32:55.000,0.0
1900-01-01 13:32:55.100,2.0
1900-01-01 13:32:55.200,-19.0
1900-01-01 13:32:55.300,-15.0
1900-01-01 13:32:55.400,0.0
1900-01-01 13:32:55.500,0.0
1900-01-01 13:32:55.600,-11.0
1900-01-01 13:32:55.700,0.0
1900-01-01 13:32:55.800,0.0
1900-01-01 13:32:55.900,-23.0
1900-01-01 13:32:56.000,9.0
1900-01-01 13:32:56.100,247.0
1900-01-01 13:32:56.200,0.0
1900-01-01 13:32:56.300,0.0
1900-01-01 13:32:56.400,106.0
1900-01-01 13:32:56.500,0.0
1900-01-01 13:32:56.600,0.0
1900-01-01 13:32:56.700,53.0
1900-01-01 13:32:56.800,1.0
1900-01-01 13:32:56.900,-106.0
1900-01-01 13:32:57.000,0.0
1900-01-01 13:32:57.100,0.0
1900-01-01 13:32:57.200,0.0
1900-01-01 13:32:57.300,0.0
1900-01-01 13:32:57.400,0.0
1900-01-01 13:32:57.500,0.0
1900-01-01 13:32:57.600,0.0
1900-01-01 13:32:57.700,0.0
1900-01-01 13:32:57.800,0.0
1900-01-01 13:32:57.900,0.0
1900-01-01 13:32:58.000,0.0
1900-01-01 13:32:58.100,0.0
1900-01-01 13:32:58.200,0.0
1900-01-01 13:32:58.300,0.0
1900-01-01 13:32:58.400,65.0
1900-01-01 13:32:58.500,-40.0
1900-01-01 13:32:58.600,0.0
1900-01-01 13:32:58.700,0.0
1900-01-01 13:32:58.800,-2.0
1900-01-01 13:32:58.900,2.0
1900-01-01 13:32:59.000,0.0
1900-01-01 13:32:59.100,0.0
1900-01-01 13:32:59.200,-48.0
1900-01-01 13:32:59.300,-5.0
1900-01-01 13:32:59.400,0.0
1900-01-01 13:32:59.500,-116.0
1900-01-01 13:32:59.600,0.0
1900-01-01 13:32:59.700,0.0
1900-01-01 13:32:59.800,0.0
1900-01-01 13:32:59.900,0.0
1900-01-01 13:33:00.000,0.0
1900-01-01 13:33:00.100,-220.0
1900-01-01 13:33:00.200,1.0
1900-01-01 13:33:00.300,0.0
1900-01-01 13:33:00.400,0.0
1900-01-01 13:33:00.500,0.0
1900-01-01 13:33:00.600,-213.0
1900-01-01 13:33:00.700,-22.0
1900-01-01 13:33:00.800,-7.0
1900-01-01 13:33:00.900,-4.0
1900-01-01 13:33:01.000,0.0
1900-01-01 13:33:01.100,-6.0
1900-01-01 13:33:01.200,-1.0
1900-01-01 13:33:01.300,2.0
1900-01-01 13:33:01.400,68.0
1900-01-01 13:33:01.500,7.0
1900-01-01 13:33:01.600,0.0
1900-01-01 13:33:01.700,-229.0
1900-01-01 13:33:01.800,0.0
1900-01-01 13:33:01.900,0.0
1900-01-01 13:33:02.000,0.0
1900-01-01 13:33:02.100,37.0
1900-01-01 13:33:02.200,-3.0
1900-01-01 13:33:02.300,0.0
1900-01-01 13:33:02.400,0.0
1900-01-01 13:33:02.500,31.0
1900-01-01 13:33:02.600,-5.0
1900-01-01 13:33:02.700,-3.0
1900-01-01 13:33:02.800,6.0
1900-01-01 13:33:02.900,-154.0
1900-01-01 13:33:03.000,0.0
1900-01-01 13:33:03.100,-8.0
1900-01-01 13:33:03.200,0.0
1900-01-01 13:33:03.300,0.0
1900-01-01 13:33:03.400,0.0
1900-01-01 13:33:03.500,-11.0
1900-01-01 13:33:03.600,0.0
1900-01-01 13:33:03.700,-8.0
1900-01-01 13:33:03.800,-24.0
1900-01-01 13:33:03.900,127.0
1900-01-01 13:33:04.000,0.0
1900-01-01 13:33:04.100,1.0
1900-01-01 13:33:04.200,0.0
1900-01-01 13:33:04.300,1.0
1900-01-01 13:33:04.400,8.0
1900-01-01 13:33:04.500,0.0
1900-01-01 13:33:04.600,25.0
1900-01-01 13:33:04.700,0.0
1900-01-01 13:33:04.800,231.0
1900-01-01 13:33:04.900,-13.0
1900-01-01 13:33:05.000,0.0
1900-01-01 13:33:05.100,0.0
1900-01-01 13:33:05.200,50.0
1900-01-01 13:33:05.300,0.0
1900-01-01 13:33:05.400,-1.0
1900-01-01 13:33:05.500,0.0
1900-01-01 13:33:05.600,0.0
1900-01-01 13:33:05.700,0.0
1900-01-01 13:33:05.800,0.0
1900-01-01 13:33:05.900,-1.0
1900-01-01 13:33:06.000,0.0
1900-01-01 13:33:06.100,-10.0
1900-01-01 13:33:06.200,38.0
1900-01-01 13:33:06.300,-5.0
1900-01-01 13:33:06.400,-7.0
1900-01-01 13:33:06.500,7.0
1900-01-01 13:33:06.600,3.0
1900-01-01 13:33:06.700,12.0
1900-01-01 13:33:06.800,0.0
1900-01-01 13:33:06.900,0.0
1900-01-01 13:33:07.000,0.0
1900-01-01 13:33:07.100,43.0
1900-01-01 13:33:07.200,0.0
1900-01-01 13:33:07.300,0.0
1900-01-01 13:33:07.400,-25.0
1900-01-01 13:33:07.500,0.0
1900-01-01 13:33:07.600,0.0
1900-01-01 13:33:07.700,0.0
1900-01-01 13:33:07.800,-11.0
1900-01-01 13:33:07.900,0.0
1900-01-01 13:33:08.000,0.0
1900-01-01 13:33:08.100,0.0
1900-01-01 13:33:08.200,0.0
1900-01-01 13:33:08.300,-13.0
1900-01-01 13:33:08.400,0.0
1900-01-01 13:33:08.500,0.0
1900-01-01 13:33:08.600,0.0
1900-01-01 13:33:08.700,115.0
1900-01-01 13:33:08.800,6.0
1900-01-01 13:33:08.900,20.0
1900-01-01 13:33:09.000,0.0
1900-01-01 13:33:09.100,0.0
1900-01-01 13:33:09.200,26.0
1900-01-01 13:33:09.300,0.0
1900-01-01 13:33:09.400,-18.0
1900-01-01 13:33:09.500,-63.0
1900-01-01 13:33:09.600,41.0
1900-01-01 13:33:09.700,11.0
1900-01-01 13:33:09.800,10.0
1900-01-01 13:33:09.900,0.0
1900-01-01 13:33:10.000,0.0
1900-01-01 13:33:10.100,0.0
1900-01-01 13:33:10.200,0.0
1900-01-01 13:33:10.300,11.0
1900-01-01 13:33:10.400,0.0
1900-01-01 13:33:10.500,0.0
1900-01-01 13:33:10.600,0.0
1900-01-01 13:33:10.700,22.0
1900-01-01 13:33:10.800,103.0
1900-01-01 13:33:10.900,-11.0
1900-01-01 13:33:11.000,0.0
1900-01-01 13:33:11.100,0.0
1900-01-01 13:33:11.200,0.0
1900-01-01 13:33:11.300,-19.0
1900-01-01 13:33:11.400,0.0
1900-01-01 13:33:11.500,31.0
1900-01-01 13:33:11.600,-2.0
1900-01-01 13:33:11.700,-5.0
1900-01-01 13:33:11.800,129.0
1900-01-01 13:33:11.900,0.0
1900-01-01 13:33:12.000,0.0
1900-01-01 13:33:12.100,0.0
1900-01-01 13:33:12.200,0.0
1900-01-01 13:33:12.300,0.0
1900-01-01 13:33:12.400,0.0
1900-01-01 13:33:12.500,0.0
1900-01-01 13:33:12.600,31.0
1900-01-01 13:33:12.700,0.0
1900-01-01 13:33:12.800,2.0
1900-01-01 13:33:12.900,7.0
1900-01-01 13:33:13.000,0.0
1900-01-01 13:33:13.100,3.0
1900-01-01 13:33:13.200,2.0
1900-01-01 13:33:13.300,2.0
1900-01-01 13:33:13.400,0.0
1900-01-01 13:33:13.500,-108.0
1900-01-01 13:33:13.600,-20.0
1900-01-01 13:33:13.700,2.0
1900-01-01 13:33:13.800,-73.0
1900-01-01 13:33:13.900,0.0
1900-01-01 13:33:14.000,0.0
1900-01-01 13:33:14.100,0.0
1900-01-01 13:33:14.200,0.0
1900-01-01 13:33:14.300,-107.0
1900-01-01 13:33:14.400,0.0
1900-01-01 13:33:14.500,57.0
1900-01-01 13:33:14.600,10.0
1900-01-01 13:33:14.700,0.0
1900-01-01 13:33:14.800,0.0
1900-01-01 13:33:14.900,0.0
1900-01-01 13:33:15.000,0.0
1900-01-01 13:33:15.100,0.0
1900-01-01 13:33:15.200,0.0
1900-01-01 13:33:15.300,0.0
1900-01-01 13:33:15.400,-16.0
1900-01-01 13:33:15.500,2.0
1900-01-01 13:33:15.600,0.0
1900-01-01 13:33:15.700,0.0
1900-01-01 13:33:15.800,0.0
1900-01-01 13:33:15.900,0.0
1900-01-01 13:33:16.000,0.0
1900-01-01 13:33:16.100,10.0
1900-01-01 13:33:16.200,30.0
1900-01-01 13:33:16.300,0.0
1900-01-01 13:33:16.400,0.0
1900-01-01 13:33:16.500,0.0
1900-01-01 13:33:16.600,0.0
1900-01-01 13:33:16.700,3.0
1900-01-01 13:33:16.800,0.0
1900-01-01 13:33:16.900,0.0
1900-01-01 13:33:17.000,0.0
1900-01-01 13:33:17.100,0.0
1900-01-01 13:33:17.200,0.0
1900-01-01 13:33:17.300,0.0
1900-01-01 13:33:17.400,-61.0
1900-01-01 13:33:17.500,213.0
1900-01-01 13:33:17.600,0.0
1900-01-01 13:33:17.700,0.0
1900-01-01 13:33:17.800,49.0
1900-01-01 13:33:17.900,0.0
1900-01-01 13:33:18.000,0.0
1900-01-01 13:33:18.100,0.0
1900-01-01 13:33:18.200,0.0
1900-01-01 13:33:18.300,-3.0
1900-01-01 13:33:18.400,0.0
1900-01-01 13:33:18.500,0.0
1900-01-01 13:33:18.600,0.0
1900-01-01 13:33:18.700,-63.0
1900-01-01 13:33:18.800,30.0
1900-01-01 13:33:18.900,0.0
1900-01-01 13:33:19.000,0.0
1900-01-01 13:33:19.100,0.0
1900-01-01 13:33:19.200,0.0
1900-01-01 13:33:19.300,0.0
1900-01-01 13:33:19.400,61.0
1900-01-01 13:33:19.500,0.0
1900-01-01 13:33:19.600,26.0
1900-01-01 13:33:19.700,-112.0
1900-01-01 13:33:19.800,0.0
1900-01-01 13:33:19.900,0.0
1900-01-01 13:33:20.000,0.0
1900-01-01 13:33:20.100,78.0
1900-01-01 13:33:20.200,-14.0
1900-01-01 13:33:20.300,0.0
1900-01-01 13:33:20.400,0.0
1900-01-01 13:33:20.500,117.0
1900-01-01 13:33:20.600,-1.0
1900-01-01 13:33:20.700,-2.0
1900-01-01 13:33:20.800,-21.0
1900-01-01 13:33:20.900,0.0
1900-01-01 13:33:21.000,6.0
1900-01-01 13:33:21.100,47.0
1900-01-01 13:33:21.200,34.0
1900-01-01 13:33:21.300,0.0
1900-01-01 13:33:21.400,0.0
1900-01-01 13:33:21.500,0.0
1900-01-01 13:33:21.600,0.0
1900-01-01 13:33:21.700,0.0
1900-01-01 13:33:21.800,0.0
1900-01-01 13:33:21.900,0.0
1900-01-01 13:33:22.000,0.0
1900-01-01 13:33:22.100,0.0
1900-01-01 13:33:22.200,0.0
1900-01-01 13:33:22.300,0.0
1900-01-01 13:33:22.400,94.0
1900-01-01 13:33:22.500,0.0
1900-01-01 13:33:22.600,0.0
1900-01-01 13:33:22.700,0.0
1900-01-01 13:33:22.800,0.0
1900-01-01 13:33:22.900,78.0
1900-01-01 13:33:23.000,0.0
1900-01-01 13:33:23.100,0.0
1900-01-01 13:33:23.200,0.0
1900-01-01 13:33:23.300,17.0
1900-01-01 13:33:23.400,0.0
1900-01-01 13:33:23.500,-170.0
1900-01-01 13:33:23.600,0.0
1900-01-01 13:33:23.700,0.0
1900-01-01 13:33:23.800,0.0
1900-01-01 13:33:23.900,0.0
1900-01-01 13:33:24.000,0.0
1900-01-01 13:33:24.100,0.0
1900-01-01 13:33:24.200,33.0
1900-01-01 13:33:24.300,53.0
1900-01-01 13:33:24.400,5.0
1900-01-01 13:33:24.500,7.0
1900-01-01 13:33:24.600,-1.0
1900-01-01 13:33:24.700,0.0
1900-01-01 13:33:24.800,-1.0
1900-01-01 13:33:24.900,0.0
1900-01-01 13:33:25.000,0.0
1900-01-01 13:33:25.100,-17.0
1900-01-01 13:33:25.200,-66.0
1900-01-01 13:33:25.300,-5.0
1900-01-01 13:33:25.400,0.0
1900-01-01 13:33:25.500,0.0
1900-01-01 13:33:25.600,0.0
1900-01-01 13:33:25.700,0.0
1900-01-01 13:33:25.800,0.0
1900-01-01 13:33:25.900,0.0
1900-01-01 13:33:26.000,0.0
1900-01-01 13:33:26.100,0.0
1900-01-01 13:33:26.200,0.0
1900-01-01 13:33:26.300,29.0
1900-01-01 13:33:26.400,-91.0
1900-01-01 13:33:26.500,58.0
1900-01-01 13:33:26.600,-29.0
1900-01-01 13:33:26.700,6.0
1900-01-01 13:33:26.800,15.0
1900-01-01 13:33:26.900,40.0
1900-01-01 13:33:27.000,0.0
1900-01-01 13:33:27.100,0.0
1900-01-01 13:33:27.200,0.0
1900-01-01 13:33:27.300,0.0
1900-01-01 13:33:27.400,0.0
1900-01-01 13:33:27.500,0.0
1900-01-01 13:33:27.600,0.0
1900-01-01 13:33:27.700,28.0
1900-01-01 13:33:27.800,49.0
1900-01-01 13:33:27.900,0.0
1900-01-01 13:33:28.000,0.0
1900-01-01 13:33:28.100,0.0
1900-01-01 13:33:28.200,-16.0
1900-01-01 13:33:28.300,3.0
1900-01-01 13:33:28.400,-6.0
1900-01-01 13:33:28.500,-56.0
1900-01-01 13:33:28.600,36.0
1900-01-01 13:33:28.700,0.0
1900-01-01 13:33:28.800,0.0
1900-01-01 13:33:28.900,0.0
1900-01-01 13:33:29.000,0.0
1900-01-01 13:33:29.100,0.0
1900-01-01 13:33:29.200,-34.0
1900-01-01 13:33:29.300,0.0
1900-01-01 13:33:29.400,0.0
1900-01-01 13:33:29.500,0.0
1900-01-01 13:33:29.600,14.0
1900-01-01 13:33:29.700,0.0
1900-01-01 13:33:29.800,-12.0
1900-01-01 13:33:29.900,8.0
1900-01-01 13:33:30.000,0.0
1900-01-01 13:33:30.100,0.0
1900-01-01 13:33:30.200,-5.0
1900-01-01 13:33:30.300,0.0
1900-01-01 13:33:30.400,-24.0
1900-01-01 13:33:30.500,-137.0
1900-01-01 13:33:30.600,0.0
1900-01-01 13:33:30.700,-19.0
1900-01-01 13:33:30.800,0.0
1900-01-01 13:33:30.900,-14.0
1900-01-01 13:33:31.000,0.0
1900-01-01 13:33:31.100,0.0
1900-01-01 13:33:31.200,0.0
1900-01-01 13:33:31.300,0.0
1900-01-01 13:33:31.400,-10.0
1900-01-01 13:33:31.500,0.0
1900-01-01 13:33:31.600,3.0
1900-01-01 13:33:31.700,0.0
1900-01-01 13:33:31.800,0.0
1900-01-01 13:33:31.900,0.0
1900-01-01 13:33:32.000,0.0
1900-01-01 13:33:32.100,-43.0
1900-01-01 13:33:32.200,0.0
1900-01-01 13:33:32.300,-67.0
1900-01-01 13:33:32.400,3.0
1900-01-01 13:33:32.500,0.0
1900-01-01 13:33:32.600,0.0
1900-01-01 13:33:32.700,131.0
1900-01-01 13:33:32.800,0.0
1900-01-01 13:33:32.900,0.0
1900-01-01 13:33:33.000,0.0
1900-01-01 13:33:33.100,0.0
1900-01-01 13:33:33.200,0.0
1900-01-01 13:33:33.300,0.0
1900-01-01 13:33:33.400,0.0
1900-01-01 13:33:33.500,0.0
1900-01-01 13:33:33.600,0.0
1900-01-01 13:33:33.700,0.0
1900-01-01 13:33:33.800,0.0
1900-01-01 13:33:33.900,0.0
1900-01-01 13:33:34.000,0.0
1900-01-01 13:33:34.100,0.0
1900-01-01 13:33:34.200,0.0
1900-01-01 13:33:34.300,0.0
1900-01-01 13:33:34.400,0.0
1900-01-01 13:33:34.500,0.0
1900-01-01 13:33:34.600,0.0
1900-01-01 13:33:34.700,0.0
1900-01-01 13:33:34.800,0.0
1900-01-01 13:33:34.900,0.0
1900-01-01 13:33:35.000,0.0
1900-01-01 13:33:35.100,-23.0
1900-01-01 13:33:35.200,-7.0
1900-01-01 13:33:35.300,0.0
1900-01-01 13:33:35.400,0.0
1900-01-01 13:33:35.500,0.0
1900-01-01 13:33:35.600,0.0
1900-01-01 13:33:35.700,-16.0
1900-01-01 13:33:35.800,151.0
1900-01-01 13:33:35.900,4.0
1900-01-01 13:33:36.000,0.0
1900-01-01 13:33:36.100,0.0
1900-01-01 13:33:36.200,0.0
1900-01-01 13:33:36.300,0.0
1900-01-01 13:33:36.400,53.0
1900-01-01 13:33:36.500,0.0
1900-01-01 13:33:36.600,15.0
1900-01-01 13:33:36.700,58.0
1900-01-01 13:33:36.800,0.0
1900-01-01 13:33:36.900,9.0
1900-01-01 13:33:37.000,0.0
1900-01-01 13:33:37.100,74.0
1900-01-01 13:33:37.200,-11.0
1900-01-01 13:33:37.300,5.0
1900-01-01 13:33:37.400,13.0
1900-01-01 13:33:37.500,22.0
1900-01-01 13:33:37.600,0.0
1900-01-01 13:33:37.700,0.0
1900-01-01 13:33:37.800,22.0
1900-01-01 13:33:37.900,-29.0
1900-01-01 13:33:38.000,0.0
1900-01-01 13:33:38.100,-109.0
1900-01-01 13:33:38.200,53.0
1900-01-01 13:33:38.300,0.0
1900-01-01 13:33:38.400,0.0
1900-01-01 13:33:38.500,60.0
1900-01-01 13:33:38.600,-32.0
1900-01-01 13:33:38.700,0.0
1900-01-01 13:33:38.800,24.0
1900-01-01 13:33:38.900,-41.0
1900-01-01 13:33:39.000,0.0
1900-01-01 13:33:39.100,0.0
1900-01-01 13:33:39.200,0.0
1900-01-01 13:33:39.300,0.0
1900-01-01 13:33:39.400,0.0
1900-01-01 13:33:39.500,0.0
1900-01-01 13:33:39.600,0.0
1900-01-01 13:33:39.700,0.0
1900-01-01 13:33:39.800,0.0
1900-01-01 13:33:39.900,0.0
1900-01-01 13:33:40.000,0.0
1900-01-01 13:33:40.100,0.0
1900-01-01 13:33:40.200,0.0
1900-01-01 13:33:40.300,0.0
1900-01-01 13:33:40.400,0.0
1900-01-01 13:33:40.500,0.0
1900-01-01 13:33:40.600,0.0
1900-01-01 13:33:40.700,0.0
1900-01-01 13:33:40.800,0.0
1900-01-01 13:33:40.900,0.0
1900-01-01 13:33:41.000,0.0
1900-01-01 13:33:41.100,0.0
1900-01-01 13:33:41.200,0.0
1900-01-01 13:33:41.300,0.0
1900-01-01 13:33:41.400,0.0
1900-01-01 13:33:41.500,0.0
1900-01-01 13:33:41.600,0.0
1900-01-01 13:33:41.700,0.0
1900-01-01 13:33:41.800,0.0
1900-01-01 13:33:41.900,0.0
1900-01-01 13:33:42.000,0.0
1900-01-01 13:33:42.100,0.0
1900-01-01 13:33:42.200,0.0
1900-01-01 13:33:42.300,0.0
1900-01-01 13:33:42.400,0.0
1900-01-01 13:33:42.500,0.0
1900-01-01 13:33:42.600,0.0
1900-01-01 13:33:42.700,0.0
1900-01-01 13:33:42.800,0.0
1900-01-01 13:33:42.900,0.0
1900-01-01 13:33:43.000,0.0
1900-01-01 13:33:43.100,0.0
1900-01-01 13:33:43.200,0.0
1900-01-01 13:33:43.300,0.0
1900-01-01 13:33:43.400,0.0
1900-01-01 13:33:43.500,0.0
1900-01-01 13:33:43.600,0.0
1900-01-01 13:33:43.700,0.0
1900-01-01 13:33:43.800,0.0
1900-01-01 13:33:43.900,0.0
1900-01-01 13:33:44.000,0.0
1900-01-01 13:33:44.100,0.0
1900-01-01 13:33:44.200,0.0
1900-01-01 13:33:44.300,0.0
1900-01-01 13:33:44.400,0.0
1900-01-01 13:33:44.500,0.0
1900-01-01 13:33:44.600,0.0
1900-01-01 13:33:44.700,0.0
1900-01-01 13:33:44.800,0.0
1900-01-01 13:33:44.900,0.0
1900-01-01 13:33:45.000,0.0
1900-01-01 13:33:45.100,0.0
1900-01-01 13:33:45.200,0.0
1900-01-01 13:33:45.300,0.0
1900-01-01 13:33:45.400,0.0
1900-01-01 13:33:45.500,0.0
1900-01-01 13:33:45.600,0.0
1900-01-01 13:33:45.700,0.0
1900-01-01 13:33:45.800,0.0
1900-01-01 13:33:45.900,0.0
1900-01-01 13:33:46.000,0.0
1900-01-01 13:33:46.100,0.0
1900-01-01 13:33:46.200,0.0
1900-01-01 13:33:46.300,0.0
1900-01-01 13:33:46.400,0.0
1900-01-01 13:33:46.500,0.0
1900-01-01 13:33:46.600,0.0
1900-01-01 13:33:46.700,0.0
1900-01-01 13:33:46.800,0.0
1900-01-01 13:33:46.900,0.0
1900-01-01 13:33:47.000,0.0
1900-01-01 13:33:47.100,0.0
1900-01-01 13:33:47.200,0.0
1900-01-01 13:33:47.300,0.0
1900-01-01 13:33:47.400,0.0
1900-01-01 13:33:47.500,0.0
1900-01-01 13:33:47.600,0.0
1900-01-01 13:33:47.700,0.0
1900-01-01 13:33:47.800,0.0
1900-01-01 13:33:47.900,0.0
1900-01-01 13:33:48.000,0.0
1900-01-01 13:33:48.100,0.0
1900-01-01 13:33:48.200,0.0
1900-01-01 13:33:48.300,0.0
1900-01-01 13:33:48.400,0.0
1900-01-01 13:33:48.500,0.0
1900-01-01 13:33:48.600,0.0
1900-01-01 13:33:48.700,0.0
1900-01-01 13:33:48.800,0.0
1900-01-01 13:33:48.900,0.0
1900-01-01 13:33:49.000,0.0
1900-01-01 13:33:49.100,0.0
1900-01-01 13:33:49.200,0.0
1900-01-01 13:33:49.300,0.0
1900-01-01 13:33:49.400,0.0
1900-01-01 13:33:49.500,0.0
1900-01-01 13:33:49.600,0.0
1900-01-01 13:33:49.700,0.0
1900-01-01 13:33:49.800,0.0
1900-01-01 13:33:49.900,0.0
1900-01-01 13:33:50.000,0.0
1900-01-01 13:33:50.100,0.0
1900-01-01 13:33:50.200,0.0
1900-01-01 13:33:50.300,0.0
