entry_time,exit_time,entry_price,exit_price,quantity,direction,gross_pnl,entry_fee,exit_fee,pnl,return
2025-01-01 21:00:00,2025-01-04 16:00:00,194.299428,214.218576,275.3737214791501,LONG,5485.209913453972,10.700991313926037,11.798033296616829,5462.710888843429,0.1020972866641687
2025-01-05 04:00:00,2025-01-05 09:00:00,217.851783,215.018496,343.3669656846065,LONG,-972.857160103646,14.960621139538269,14.76604970751754,-1002.5838309507019,-0.013402970660102483
2025-01-05 10:00:00,2025-01-06 02:00:00,213.08868900000002,214.581456,338.8419320691607,SHORT,-505.8120544090802,14.440676616568904,14.54183902745072,-534.7945700530997,-0.007406779948793931
2025-01-06 14:00:00,2025-01-07 03:00:00,218.62186,216.448353,249.73475022824522,LONG,-542.8002277643428,10.91949512030688,10.81093507475401,-564.5306579594037,-0.010339867397523746
2025-01-07 10:00:00,2025-01-09 16:00:00,214.95850199999998,192.109209,366.8993979762488,SHORT,8383.391845882912,15.773628994735255,14.096950625558671,8353.521266262618,0.10591755732369215
2025-01-11 21:00:00,2025-01-11 23:00:00,190.34903300000002,188.221176,326.24124391864785,LONG,-694.1947145610042,12.419941060926352,12.28110211801415,-718.8957577399447,-0.011576476155778555
2025-01-13 06:00:00,2025-01-13 21:00:00,183.78162,181.51815,253.51344014905408,SHORT,573.8200663741826,9.318222144473241,9.203458131198403,555.298386098511,0.01191854792660992
2025-01-14 04:00:00,2025-01-15 10:00:00,184.128411,186.501348,173.63911053402498,LONG,412.0346700332789,6.3943787020166765,6.476785636023332,399.1635056952389,0.012484825322258428
2025-01-15 14:00:00,2025-01-16 09:00:00,195.58955699999999,199.63003500000002,249.47447619106637,LONG,1007.9961326115364,9.758920456203544,9.96051968272585,988.276692472607,0.02025381182084295
2025-01-16 12:00:00,2025-01-16 15:00:00,212.681266,207.64923299999998,198.38573687796347,LONG,-998.2835746992316,8.438585935109632,8.238929220169785,-1014.961089854511,-0.024055240952910315
2025-01-17 11:00:00,2025-01-19 22:00:00,217.26172400000002,254.844513,231.04170859029904,LONG,8683.191784148694,10.039303984846796,11.775942341676535,8661.37653782217,0.17254934307986983
2025-01-20 01:00:00,2025-01-20 08:00:00,236.026395,261.796177,46.909640413163224,SHORT,-1208.851207145606,2.2143826634930455,2.456152904922167,-1213.5217427140212,-0.10960361663957116
2025-01-21 02:00:00,2025-01-21 18:00:00,234.18657900000002,248.97489499999998,69.83097253848071,SHORT,-1032.6824884863715,3.270695313405949,3.4772318111032234,-1039.4304156108806,-0.06356021065921096
2025-01-21 19:00:00,2025-01-23 01:00:00,259.155913,255.114486,95.50795642539705,LONG,-385.988433812423,4.950290329237598,4.873092642475114,-395.8118167841357,-0.015991458700770598
2025-01-23 03:00:00,2025-01-23 15:00:00,248.645133,251.335131,94.61899389899096,SHORT,-254.52490435029816,4.705310464468159,4.756215445338219,-263.98643026010456,-0.011220786906776106
2025-01-24 06:00:00,2025-01-24 21:00:00,261.256123,257.224275,99.28915341813821,LONG,-400.3187746306162,5.187979855594998,5.1079161006688745,-410.6146705868801,-0.01582946279731796
2025-01-25 01:00:00,2025-01-25 16:00:00,248.115186,253.505348,141.25426158367995,SHORT,-761.383353126412,7.009465477225482,7.161742147850764,-775.5545607514882,-0.022128778956722155
2025-01-25 19:00:00,2025-01-26 11:00:00,258.54585199999997,253.52464500000002,208.11629202080334,LONG,-1044.994982308891,10.76152080711988,10.552521810658101,-1066.309024926669,-0.019817069427978867
2025-01-26 22:00:00,2025-01-27 15:00:00,249.065091,236.91368899999998,224.23965277907908,SHORT,2724.8261652590113,11.170053905045947,10.625088671994144,2703.0310226819715,0.04839781518799847
2025-01-28 05:00:00,2025-01-28 19:00:00,239.663964,231.006897,134.57953875680232,LONG,-1165.0640838467323,6.450773146349375,6.217760329580028,-1177.7326173226616,-0.03651446394419139
2025-01-28 21:00:00,2025-01-29 07:00:00,227.99719800000003,233.733371,159.85404370250623,SHORT,-916.950449427133,7.2892548106281945,7.472644900513621,-931.7123491382748,-0.025563994491721687
2025-01-30 04:00:00,2025-01-30 21:00:00,240.18401599999999,238.506147,112.96293940138635,LONG,-189.53701417046324,5.426378488917922,5.388471086083829,-200.35186374546498,-0.007384367461821385
2025-01-31 04:00:00,2025-01-31 07:00:00,235.816416,237.683766,211.04524726273561,SHORT,-394.0953424760667,9.953586764666426,10.032405833161638,-414.0813350738948,-0.008320243644106556
2025-01-31 19:00:00,2025-02-02 09:00:00,230.196978,215.081506,200.62825397134617,SHORT,3032.590755312774,9.236803553124078,8.630285402061523,3014.7236663575886,0.0652763404357116
2025-02-02 17:00:00,2025-02-03 11:00:00,206.57934,201.610159,150.95476318144847,SHORT,750.1215410607521,6.236827069575985,6.086802761363836,737.7979112298123,0.023659399338772175
2025-02-03 16:00:00,2025-02-04 06:00:00,206.92069,203.799618,74.34327391103866,LONG,-232.03071059207312,3.076632306906224,3.0302261647878095,-238.13756906376716,-0.015480404891361989
2025-02-05 16:00:00,2025-02-06 05:00:00,201.619836,201.500148,199.44178335837103,SHORT,23.870788166596007,8.04228393045246,8.03750977281914,7.790994463324408,0.0001937507934486985
2025-02-06 16:00:00,2025-02-07 03:00:00,191.12088599999998,194.769475,221.39488403876078,SHORT,-807.7789385601016,8.462637278671044,8.624193066383063,-824.8657689051557,-0.019494295731760137
2025-02-07 12:00:00,2025-02-07 17:00:00,198.379836,196.56034200000002,188.264792439855,LONG,-342.54666025555997,7.469587729758497,7.4010783977073835,-357.41732638302585,-0.009569934494753749
2025-02-08 18:00:00,2025-02-08 19:00:00,196.769675,196.670331,282.5398636677144,LONG,-28.068640216206013,11.119055429688098,11.113441701644852,-50.30113734753896,-0.0009047735694029178
2025-02-08 22:00:00,2025-02-09 10:00:00,198.689867,201.789819,307.62385151504463,LONG,953.6191737517662,12.224348428710394,12.415072263460747,928.979753059595,0.01519884284184458
2025-02-09 22:00:00,2025-02-10 01:00:00,194.990499,203.870385,226.73935899200058,SHORT,-2013.41965956204,8.842404150558066,9.245088082470474,-2031.5071517950682,-0.04594920379582186
2025-02-10 09:00:00,2025-02-10 20:00:00,205.110509,201.229875,145.3944383691682,LONG,-564.2226009463009,5.964385451933844,5.851540931744585,-576.0385273299793,-0.019315938983896795
2025-02-11 14:00:00,2025-02-13 02:00:00,198.150183,197.549753,231.2262849871381,SHORT,138.83519829482472,9.163506136922313,9.135739097263349,120.53595306063906,0.002630782393978353
2025-02-14 04:00:00,2025-02-14 05:00:00,196.93969199999998,195.34046400000003,287.9597819859218,LONG,-460.51334622576843,11.342142154538916,11.250039485293764,-483.1055278656011,-0.008518770462990032
2025-02-14 09:00:00,2025-02-14 13:00:00,197.449743,196.950303,355.0564587066665,LONG,-177.32939773646504,14.021161304424284,13.985695424876992,-205.3362544657663,-0.0029289478953640428
2025-02-14 18:00:00,2025-02-15 05:00:00,204.590457,197.370261,231.81049112734834,LONG,-1673.717180795713,9.485242863427729,9.150499427268587,-1692.3529230864092,-0.03568391336845191
2025-02-15 07:00:00,2025-02-18 13:00:00,195.650433,170.587057,244.99843126410144,SHORT,6140.487802182331,9.586809832228436,8.35871227179197,6122.542280078311,0.12772845998250362
2025-02-18 17:00:00,2025-02-19 10:00:00,162.35376300000001,170.707069,152.7863615383977,SHORT,-1276.271230556863,4.9610881461674685,5.216342392278841,-1286.4486610953093,-0.05186155227212057
2025-02-19 11:00:00,2025-02-19 15:00:00,171.93719199999998,168.473151,227.67349340132031,LONG,-788.6703157553985,7.829108229650708,7.671374166499628,-804.1707981515489,-0.020543100812068518
2025-02-21 20:00:00,2025-02-22 01:00:00,168.343164,170.73707199999998,185.90041969653925,SHORT,-445.0285019148995,6.259012968128667,6.3480186685116475,-457.6355335515398,-0.014623249252936591
2025-02-23 03:00:00,2025-02-23 04:00:00,170.292969,170.557054,490.6003062241905,SHORT,-129.56018186921258,16.709156547845314,16.735068584219157,-163.00440700127706,-0.0019510788175875562
2025-02-23 12:00:00,2025-02-25 17:00:00,169.49304899999998,142.974296,493.7530895666965,SHORT,13093.716225206088,16.737543320765894,14.118800075724675,13062.859881809598,0.15609052811953356
2025-02-25 20:00:00,2025-02-26 00:00:00,145.344533,144.235575,131.69082648699066,LONG,-146.03959555936035,3.8281083352271383,3.7989004161152664,-153.66660431070275,-0.008028331011253111
2025-02-26 13:00:00,2025-02-27 02:00:00,136.81631700000003,136.923691,290.42686912688214,SHORT,-31.18429464561955,7.9470269183562054,7.95326377728533,-47.08458534126108,-0.0011849610130929378
2025-02-27 07:00:00,2025-02-27 17:00:00,141.99419799999998,136.96630199999998,205.1570288106087,LONG,-1031.5082045287438,5.826221554005055,5.619919913099306,-1042.9543459958481,-0.03580208326540214
2025-02-28 02:00:00,2025-02-28 13:00:00,131.246874,135.543553,234.74025328724878,SHORT,-1008.6035167540056,6.161784889183925,6.363505592534726,-1021.1288072357241,-0.033143929091979836
2025-02-28 15:00:00,2025-03-01 07:00:00,144.31443000000002,143.66563200000002,158.30860030801767,LONG,-102.71030326264115,4.569243083509879,4.548701022857351,-111.82824736900838,-0.004894825918655531
2025-03-01 14:00:00,2025-03-01 22:00:00,139.276071,142.534252,270.2075068874344,SHORT,-880.38496499801,7.526687982797461,7.702764975797064,-895.6144179566046,-0.023798367090639767
2025-03-02 16:00:00,2025-03-03 07:00:00,157.37573600000002,161.733825,199.38477942236577,LONG,868.9366139680343,6.275665281758495,6.449452604552101,856.2114960817237,0.027286716471972387
2025-03-03 15:00:00,2025-03-04 18:00:00,155.064492,140.77407599999998,148.17016269593532,SHORT,2117.4132637126004,4.595186201600512,4.171703548857992,2108.6463739621418,0.09177631901957296
2025-03-04 22:00:00,2025-03-05 15:00:00,145.51454999999999,142.06579200000002,151.3920371193264,LONG,-522.1144991515692,4.405948831000415,4.301525931170102,-530.8219739137397,-0.02409569399348704
2025-03-06 09:00:00,2025-03-06 14:00:00,150.735072,146.62533599999998,285.70858459255413,LONG,-1174.1868556090726,8.613260813915348,8.378423442793533,-1191.1785398657814,-0.027659177298830797
2025-03-06 18:00:00,2025-03-07 06:00:00,143.735625,143.094308,222.50383421258036,SHORT,142.6954914457064,6.396345535088324,6.367806436799183,129.9313394738189,0.004062674186722927
2025-03-07 19:00:00,2025-03-07 22:00:00,149.59495800000002,142.645734,199.3049662204691,LONG,-1385.0148545784762,5.9630036101885,5.686000639272805,-1396.6638588279375,-0.046844307001309586
2025-03-08 00:00:00,2025-03-09 08:00:00,139.29606900000002,139.56395500000002,163.23550169830196,SHORT,-43.728505607952016,4.547612741563259,4.556358442684849,-52.83247679220012,-0.002323525761520264
2025-03-09 14:00:00,2025-03-11 06:00:00,133.056693,123.232322,403.50795475070964,SHORT,3964.211848922184,10.737886811664614,9.945044441880176,3943.5289176686388,0.0734507447663681
2025-03-11 19:00:00,2025-03-12 04:00:00,127.602759,122.457753,226.10511378518316,LONG,-1163.3121670554522,5.770327268599662,5.537664835188571,-1174.6201591592403,-0.04071242771796187
2025-03-12 13:00:00,2025-03-13 06:00:00,129.392938,123.427656,301.59633423591816,LONG,-1799.1071838835028,7.804887155363086,7.445065718586386,-1814.3571367574523,-0.046492847382443615
2025-03-13 18:00:00,2025-03-13 19:00:00,121.677831,122.922291,320.14413944850685,SHORT,-398.40657577809003,7.79088889909117,7.870570214246788,-414.068034891428,-0.010629545363937362
2025-03-14 14:00:00,2025-03-16 10:00:00,128.93289199999998,133.426656,471.4082418151877,LONG,2118.3973863723977,12.156005585973496,12.579685063247974,2093.6616957231763,0.034446540533660155
2025-03-16 12:00:00,2025-03-17 19:00:00,129.867012,129.752974,489.76770685272635,SHORT,55.852129754068095,12.7209337326111,12.709763306660284,30.42143271479671,0.0004782893041382491
2025-03-18 02:00:00,2025-03-18 23:00:00,125.067492,124.962495,366.81754668826926,SHORT,38.51474194962723,9.17539011717895,9.167687168789024,20.171664663659257,0.00043969061600753395
2025-03-19 04:00:00,2025-03-20 11:00:00,126.432642,130.366962,564.7037217098666,LONG,2221.725146397562,14.27939669660224,14.723741725881752,2192.722007975078,0.03071168978023887
2025-03-20 16:00:00,2025-03-21 20:00:00,128.83711499999998,128.21282,446.18443692398114,SHORT,278.55071304945204,11.49702312223704,11.441312979627149,255.61237694758782,0.004446583680486708
2025-03-22 10:00:00,2025-03-22 15:00:00,130.65306399999997,128.797119,589.6952889345918,LONG,-1094.442023021689,15.40909926513394,15.190210860529602,-1125.0413331473526,-0.014602298470397627
2025-03-23 11:00:00,2025-03-23 18:00:00,132.303229,131.18688,724.2507734612454,LONG,-808.5166267026773,19.164143186934055,19.00243986159352,-846.6832097512049,-0.008836118593900573
2025-03-24 01:00:00,2025-03-24 23:00:00,134.673466,140.305968,530.7582775278231,LONG,2989.4970596920275,14.29581136857237,14.893710780510776,2960.3075375429444,0.041415033553825795
2025-03-25 14:00:00,2025-03-26 04:00:00,144.524451,141.78582,351.17789465221284,LONG,-961.7466688092836,10.15075848558938,9.958409151827523,-981.8558364467004,-0.019345467392226926
2025-03-26 14:00:00,2025-03-30 05:00:00,141.135885,126.13261200000001,440.8872174942212,SHORT,6614.751286276173,12.44500152524688,11.122051267991646,6591.184233482934,0.10592500483204531
2025-04-01 09:00:00,2025-04-01 19:00:00,129.31293000000002,126.397359,553.7887542821185,LONG,-1614.610432111086,14.322409283454162,13.999487197031943,-1642.932328591572,-0.02294212232141076
2025-04-02 06:00:00,2025-04-02 13:00:00,123.657633,126.552654,547.2245269418538,SHORT,-1584.2264972117325,13.533697944234873,13.850543243677224,-1611.6107383996448,-0.023816265813530496
2025-04-02 16:00:00,2025-04-02 21:00:00,130.363035,127.917207,428.51926550580345,LONG,-1048.0844181135246,11.17261440146147,10.962997517838765,-1070.220030032825,-0.01915791580335631
2025-04-02 23:00:00,2025-04-03 22:00:00,118.578141,117.081707,231.9754580017528,SHORT,347.13596251939674,5.501443713494285,5.432016520990405,336.20250228491204,0.012222337255228243
2025-04-04 08:00:00,2025-04-04 11:00:00,118.131812,114.948504,476.88156545500806,LONG,-1518.0609023654492,11.26697668731934,10.963364506846252,-1540.291243559615,-0.027341695759309923
2025-04-04 17:00:00,2025-04-05 05:00:00,121.73217199999999,120.58793999999999,285.13496621799163,LONG,-326.2605526655457,6.942019750172549,6.87676763963944,-340.0793400553577,-0.009797705921159467
2025-04-05 14:00:00,2025-04-05 15:00:00,117.778221,118.041803,613.3038806955718,SHORT,-161.65586348149992,14.44676800014414,14.47909917284044,-190.58173065448452,-0.0026383995458718937
2025-04-06 13:00:00,2025-04-07 14:00:00,116.36836199999999,106.51065,585.3762190152737,SHORT,5770.470178701487,13.62385435211213,12.469760316371833,5744.376564033003,0.08432821455027435
2025-04-08 17:00:00,2025-04-08 18:00:00,104.269572,105.090508,333.8041183060138,SHORT,-274.0318176656668,6.9611225095210845,7.015928873054218,-288.0088690482421,-0.008274782368915864
2025-04-09 18:00:00,2025-04-10 12:00:00,119.27192600000001,113.868612,238.16959590830942,LONG,-1286.905111945713,5.681389283725157,5.424008261336015,-1298.0105094907742,-0.045693419150454634
2025-04-10 16:00:00,2025-04-11 02:00:00,109.539045,114.121411,380.9433946806004,SHORT,-1745.6220597089616,8.34563513047421,8.694759542416003,-1762.6624543818518,-0.04224154128055428
2025-04-11 07:00:00,2025-04-13 07:00:00,116.931692,128.937105,466.9259368546691,LONG,5605.638712352225,10.919687967020323,12.040815709490769,5582.678208675714,0.10224977536970904
2025-04-13 14:00:00,2025-04-13 17:00:00,127.597239,129.582957,362.7101466510787,SHORT,-720.2400669876836,9.256162653992549,9.400210667390084,-738.8964403090662,-0.015965502507464063
2025-04-13 21:00:00,2025-04-14 01:00:00,126.65733300000001,130.283027,316.5634560451513,SHORT,-1147.7622232021677,8.01901661358832,8.248569058228753,-1164.0298088739846,-0.029031734562103843
2025-04-14 03:00:00,2025-04-14 16:00:00,133.343333,128.69712900000002,254.4177855200429,LONG,-1182.0769327543612,6.784983099144332,6.54856771259346,-1195.410483566099,-0.0352369480099915
2025-04-15 23:00:00,2025-04-16 15:00:00,126.41735700000001,127.742773,361.1041894100908,SHORT,-478.6132703111613,9.129967445370214,9.225690099432446,-496.9689278559639,-0.010886543261618654
2025-04-16 20:00:00,2025-04-18 16:00:00,132.41324,132.796719,260.4627114384483,LONG,99.88198011970319,6.897742304150001,6.917718700173942,86.06651911537925,0.002495498246247838
2025-04-19 03:00:00,2025-04-20 09:00:00,137.40373899999997,138.976101,603.210845111506,LONG,948.465810841234,16.576685104734157,16.766378266902407,915.1227474695975,0.011041082601107581
2025-04-20 12:00:00,2025-04-21 01:00:00,136.306368,141.174116,535.5025529448616,SHORT,-2606.691481092247,14.598481609328356,15.119819905546805,-2636.409782607122,-0.036118958850110405
2025-04-21 17:00:00,2025-04-22 02:00:00,135.49644899999998,139.0139,405.7653104033141,SHORT,-1427.2595968434568,10.995951737406363,11.281403656775055,-1449.5369522376382,-0.026364920233444812
2025-04-22 08:00:00,2025-04-24 04:00:00,140.12401100000002,147.705228,447.21216029387654,LONG,3390.4124322266534,12.533032333670587,13.211114820115919,3364.6682850728666,0.053692804670000344
2025-04-24 08:00:00,2025-04-24 15:00:00,147.095289,149.704969,460.2118609540881,SHORT,-1201.0056892946634,13.53899933765388,13.779200475512816,-1228.3238891078302,-0.01814497302901385
2025-04-24 19:00:00,2025-04-25 18:00:00,151.855184,150.804918,377.5739335927895,LONG,-396.55306493877293,11.467311831867368,11.388001218879614,-419.4083779895199,-0.00731485084104881
2025-04-25 22:00:00,2025-04-26 02:00:00,150.254973,152.335232,333.42516793446936,SHORT,-693.6107064221859,10.019757921102833,10.15848006238727,-713.788944405676,-0.014247628536061725
2025-04-26 10:00:00,2025-04-27 14:00:00,149.465052,149.004899,464.9908893254484,SHORT,213.96695269576895,13.899977490510876,13.857184099971722,186.20979110528634,0.002679281908656421
2025-04-28 02:00:00,2025-04-28 05:00:00,144.865512,148.684867,463.8051883554455,SHORT,-1771.4366651713133,13.437875215873612,13.792162548907873,-1798.666702936095,-0.026770105750221637
2025-04-28 07:00:00,2025-04-28 14:00:00,150.745073,147.975201,415.2467973944099,LONG,-1150.1804771924458,12.519281757247306,12.289245661808817,-1174.9890046115017,-0.018770869246253853
2025-04-29 19:00:00,2025-04-29 21:00:00,149.824981,148.475151,478.2304107167946,LONG,-645.5297552978495,14.33017243985319,14.201066488793622,-674.0609942264963,-0.00940757687397936
2025-04-30 13:00:00,2025-04-30 18:00:00,144.68553,144.62446100000003,462.1612849025006,SHORT,28.22372750769923,13.37361009031986,13.367965344818321,1.4821520725610497,2.2165325032675615e-05
2025-05-01 02:00:00,2025-05-01 21:00:00,148.874886,150.11498699999999,337.88072447482983,LONG,419.0062243019547,10.060390867557542,10.144192112417931,398.8016413219792,0.007928154016520835
2025-05-02 06:00:00,2025-05-02 12:00:00,149.41505700000002,150.645063,605.714342422678,SHORT,-745.0322754659331,18.100568599760393,18.24957505485358,-781.3824191205472,-0.008633788654914308
2025-05-02 20:00:00,2025-05-03 15:00:00,147.965202,148.40483899999998,534.4639623358754,SHORT,-234.9701330094446,15.81641362974964,15.86340765635153,-266.64995429554574,-0.003371813111842177
2025-05-04 04:00:00,2025-05-04 16:00:00,145.505448,146.74467299999998,645.3926071197673,SHORT,-799.7866535579783,18.781628086969945,18.94158541768154,-837.5098670626297,-0.008918394754538511
2025-05-05 00:00:00,2025-05-05 05:00:00,143.845614,146.264625,618.5742502220323,SHORT,-1496.3379156038384,17.795838565555577,18.095106148676344,-1532.2288603180705,-0.017220080466269785
2025-05-06 12:00:00,2025-05-06 19:00:00,142.475751,144.804479,547.5798572846822,SHORT,-1275.1645458948346,15.603370279821586,15.858403189000551,-1306.6263193636566,-0.016748001180916627
2025-05-06 23:00:00,2025-05-07 06:00:00,146.064605,145.455453,420.3365602876265,LONG,-256.048856372326,12.279258729094172,12.228048957819706,-280.55616405923985,-0.0045695944722542094
