seq,time,bid_price,bid_size,ask_price,ask_size
1,2025-09-13 12:34:23,115715.99,9.30862,115716.0,2.5037
2,2025-09-13 12:34:23,115715.99,9.30862,115716.0,2.50352
3,2025-09-13 12:34:23,115715.99,9.30862,115716.0,2.50347
4,2025-09-13 12:34:23,115715.99,9.30857,115716.0,2.50347
5,2025-09-13 12:34:23,115715.99,9.30857,115716.0,2.50296
6,2025-09-13 12:34:23,115715.99,9.30857,115716.0,2.50231
7,2025-09-13 12:34:23,115715.99,9.30862,115716.0,2.50231
8,2025-09-13 12:34:23,115715.99,9.30862,115716.0,2.50111
9,2025-09-13 12:34:23,115715.99,9.30862,115716.0,2.50098
10,2025-09-13 12:34:23,115715.99,9.30857,115716.0,2.50098
11,2025-09-13 12:34:23,115715.99,9.30857,115716.0,2.50103
12,2025-09-13 12:34:24,115715.99,9.30857,115716.0,2.50059
13,2025-09-13 12:34:24,115715.99,9.30857,115716.0,2.50036
14,2025-09-13 12:34:24,115715.99,9.30857,115716.0,2.50002
15,2025-09-13 12:34:24,115715.99,9.30857,115716.0,2.49793
16,2025-09-13 12:34:25,115715.99,9.30857,115716.0,2.50003
17,2025-09-13 12:34:25,115715.99,9.26687,115716.0,2.50003
18,2025-09-13 12:34:25,115715.99,9.26653,115716.0,2.50003
19,2025-09-13 12:34:25,115715.99,9.26578,115716.0,2.50003
20,2025-09-13 12:34:25,115715.99,9.26578,115716.0,2.50857
21,2025-09-13 12:34:25,115715.99,9.26583,115716.0,2.50857
22,2025-09-13 12:34:25,115715.99,9.26664,115716.0,2.50857
23,2025-09-13 12:34:26,115715.99,9.26598,115716.0,2.50857
24,2025-09-13 12:34:26,115715.99,9.26598,115716.0,2.87939
25,2025-09-13 12:34:26,115715.99,9.26598,115716.0,3.26189
26,2025-09-13 12:34:26,115715.99,9.26598,115716.0,3.31189
27,2025-09-13 12:34:26,115715.99,9.26593,115716.0,3.31189
28,2025-09-13 12:34:26,115715.99,9.26593,115716.0,3.31194
29,2025-09-13 12:34:26,115715.99,9.26593,115716.0,3.31199
30,2025-09-13 12:34:26,115715.99,9.26598,115716.0,3.31199
31,2025-09-13 12:34:26,115715.99,9.26518,115716.0,3.31199
32,2025-09-13 12:34:26,115715.99,9.26518,115716.0,3.31194
33,2025-09-13 12:34:26,115715.99,9.26518,115716.0,3.31235
34,2025-09-13 12:34:26,115715.99,9.26518,115716.0,3.3123
35,2025-09-13 12:34:26,115715.99,9.26518,115716.0,3.31225
36,2025-09-13 12:34:26,115715.99,9.26518,115716.0,3.3123
37,2025-09-13 12:34:26,115715.99,9.26518,115716.0,3.3102
38,2025-09-13 12:34:26,115715.99,9.26518,115716.0,3.31229
39,2025-09-13 12:34:26,115715.99,9.26437,115716.0,3.31229
40,2025-09-13 12:34:27,115715.99,9.26437,115716.0,3.31234
41,2025-09-13 12:34:27,115715.99,9.26432,115716.0,3.31234
42,2025-09-13 12:34:27,115715.99,9.26432,115716.0,3.31226
43,2025-09-13 12:34:27,115715.99,9.26437,115716.0,3.31226
44,2025-09-13 12:34:27,115715.99,9.26519,115716.0,3.31226
45,2025-09-13 12:34:27,115715.99,9.26519,115716.0,3.31221
46,2025-09-13 12:34:27,115715.99,9.26519,115716.0,3.31215
47,2025-09-13 12:34:27,115715.99,9.26519,115716.0,3.31232
48,2025-09-13 12:34:28,115715.99,9.26519,115716.0,3.31318
49,2025-09-13 12:34:28,115715.99,9.26519,115716.0,3.31232
50,2025-09-13 12:34:28,115715.99,9.26519,115716.0,3.31237
51,2025-09-13 12:34:28,115715.99,9.26519,115716.0,3.31232
52,2025-09-13 12:34:28,115715.99,9.26273,115716.0,3.31232
53,2025-09-13 12:34:28,115715.99,9.26191,115716.0,3.31232
54,2025-09-13 12:34:28,115715.99,9.26439,115716.0,3.31232
55,2025-09-13 12:34:28,115715.99,9.26444,115716.0,3.31232
56,2025-09-13 12:34:28,115715.99,9.26526,115716.0,3.31232
57,2025-09-13 12:34:28,115715.99,9.26526,115716.0,3.31227
58,2025-09-13 12:34:28,115715.99,9.2651,115716.0,3.31227
59,2025-09-13 12:34:28,115715.99,9.26505,115716.0,3.31227
60,2025-09-13 12:34:28,115715.99,9.2651,115716.0,3.31227
61,2025-09-13 12:34:28,115715.99,9.2651,115716.0,3.31233
62,2025-09-13 12:34:28,115715.99,9.26528,115716.0,3.31233
63,2025-09-13 12:34:28,115715.99,9.26528,115716.0,3.31992
64,2025-09-13 12:34:28,115715.99,9.26533,115716.0,3.31992
65,2025-09-13 12:34:28,115715.99,9.26528,115716.0,3.31992
66,2025-09-13 12:34:28,115715.99,9.26097,115716.0,3.31992
67,2025-09-13 12:34:28,115715.99,9.26102,115716.0,3.31992
68,2025-09-13 12:34:28,115715.99,9.26097,115716.0,3.31992
69,2025-09-13 12:34:29,115715.99,9.26097,115716.0,3.31943
70,2025-09-13 12:34:29,115715.99,9.26087,115716.0,3.31943
71,2025-09-13 12:34:29,115715.99,9.25839,115716.0,3.31943
72,2025-09-13 12:34:29,115715.99,9.26088,115716.0,3.31943
73,2025-09-13 12:34:29,115715.99,9.26088,115716.0,3.31734
74,2025-09-13 12:34:29,115715.99,9.26088,115716.0,3.31941
75,2025-09-13 12:34:29,115715.99,9.26088,115716.0,3.26941
76,2025-09-13 12:34:30,115715.99,9.26069,115716.0,3.26941
77,2025-09-13 12:34:30,115715.99,9.26051,115716.0,3.26941
78,2025-09-13 12:34:30,115715.99,9.26051,115716.0,2.88691
79,2025-09-13 12:34:30,115715.99,9.77886,115716.0,2.88691
80,2025-09-13 12:34:30,115715.99,9.26051,115716.0,2.88691
81,2025-09-13 12:34:30,115715.99,9.26046,115716.0,2.88691
82,2025-09-13 12:34:30,115715.99,9.26051,115716.0,2.88691
83,2025-09-13 12:34:30,115715.99,9.26051,115716.0,2.88686
84,2025-09-13 12:34:30,115715.99,9.26065,115716.0,2.88686
85,2025-09-13 12:34:30,115715.99,9.2606,115716.0,2.88686
86,2025-09-13 12:34:30,115715.99,9.2606,115716.0,2.88691
87,2025-09-13 12:34:30,115715.99,9.2606,115716.0,2.88686
88,2025-09-13 12:34:30,115715.99,9.26065,115716.0,2.88686
89,2025-09-13 12:34:30,115715.99,9.2606,115716.0,2.88686
90,2025-09-13 12:34:30,115715.99,9.25896,115716.0,2.88686
91,2025-09-13 12:34:30,115715.99,9.25896,115716.0,2.89013
92,2025-09-13 12:34:30,115715.99,9.25896,115716.0,2.89099
93,2025-09-13 12:34:30,115715.99,9.25896,115716.0,2.88922
94,2025-09-13 12:34:30,115715.99,9.25896,115716.0,2.88836
95,2025-09-13 12:34:30,115715.99,9.20052,115716.0,2.88836
96,2025-09-13 12:34:30,115715.99,9.20052,115716.0,2.88841
97,2025-09-13 12:34:31,115715.99,9.20052,115716.0,2.88676
98,2025-09-13 12:34:31,115715.99,9.20057,115716.0,2.88676
99,2025-09-13 12:34:31,115715.99,9.20052,115716.0,2.88676
100,2025-09-13 12:34:31,115715.99,9.20057,115716.0,2.88676
101,2025-09-13 12:34:31,115715.99,9.71892,115716.0,2.88676
102,2025-09-13 12:34:31,115715.99,9.71892,115716.0,2.88469
103,2025-09-13 12:34:31,115715.99,9.73689,115716.0,2.88469
104,2025-09-13 12:34:31,115715.99,9.73689,115716.0,2.88677
105,2025-09-13 12:34:31,115715.99,9.73675,115716.0,2.88677
106,2025-09-13 12:34:31,115715.99,9.7369,115716.0,2.88677
107,2025-09-13 12:34:31,115715.99,9.73503,115716.0,2.88677
108,2025-09-13 12:34:31,115715.99,9.73503,115716.0,2.88672
109,2025-09-13 12:34:31,115715.99,10.0806,115716.0,2.88672
110,2025-09-13 12:34:31,115715.99,10.08065,115716.0,2.88672
111,2025-09-13 12:34:31,115715.99,10.0806,115716.0,2.88672
112,2025-09-13 12:34:31,115715.99,10.0806,115716.0,2.88662
113,2025-09-13 12:34:32,115715.99,10.08065,115716.0,2.88662
114,2025-09-13 12:34:32,115715.99,10.0806,115716.0,2.88662
115,2025-09-13 12:34:32,115715.99,10.06263,115716.0,2.88662
116,2025-09-13 12:34:32,115715.99,10.06263,115716.0,2.8864
117,2025-09-13 12:34:32,115715.99,10.03185,115716.0,2.8864
118,2025-09-13 12:34:32,115715.99,10.00723,115716.0,2.8864
119,2025-09-13 12:34:32,115715.99,10.00723,115716.0,2.88632
120,2025-09-13 12:34:32,115715.99,10.03801,115716.0,2.88632
121,2025-09-13 12:34:32,115715.99,10.03801,115716.0,2.88627
122,2025-09-13 12:34:32,115715.99,9.69244,115716.0,2.88627
123,2025-09-13 12:34:32,115715.99,9.68898,115716.0,2.88627
124,2025-09-13 12:34:32,115715.99,9.68552,115716.0,2.88627
125,2025-09-13 12:34:32,115715.99,9.16717,115716.0,2.88627
126,2025-09-13 12:34:32,115715.99,9.16722,115716.0,2.88627
127,2025-09-13 12:34:32,115715.99,9.16717,115716.0,2.88627
128,2025-09-13 12:34:32,115715.99,9.16712,115716.0,2.88627
129,2025-09-13 12:34:32,115715.99,9.16717,115716.0,2.88627
130,2025-09-13 12:34:33,115715.99,9.16712,115716.0,2.88627
131,2025-09-13 12:34:33,115715.99,9.16717,115716.0,2.88627
132,2025-09-13 12:34:33,115715.99,9.16712,115716.0,2.88627
133,2025-09-13 12:34:33,115715.99,9.16693,115716.0,2.88627
134,2025-09-13 12:34:33,115715.99,9.16693,115716.0,2.74253
135,2025-09-13 12:34:33,115715.99,9.16693,115716.0,2.97438
136,2025-09-13 12:34:33,115715.99,9.16693,115716.0,2.97443
137,2025-09-13 12:34:33,115715.99,9.16681,115716.0,2.97443
138,2025-09-13 12:34:33,115715.99,9.16681,115716.0,2.97431
139,2025-09-13 12:34:33,115715.99,9.16676,115716.0,2.97431
140,2025-09-13 12:34:33,115715.99,9.18473,115716.0,2.97431
141,2025-09-13 12:34:33,115715.99,9.16676,115716.0,2.97431
142,2025-09-13 12:34:33,115715.99,9.16681,115716.0,2.97431
143,2025-09-13 12:34:34,115715.99,9.16681,115716.0,2.97372
144,2025-09-13 12:34:34,115715.99,9.16666,115716.0,2.97372
145,2025-09-13 12:34:34,115715.99,9.16666,115716.0,2.97367
146,2025-09-13 12:34:34,115715.99,9.16576,115716.0,2.97367
147,2025-09-13 12:34:34,115715.99,9.16593,115716.0,2.97367
148,2025-09-13 12:34:34,115715.99,9.16593,115716.0,2.97159
149,2025-09-13 12:34:34,115715.99,9.16593,115716.0,2.97368
150,2025-09-13 12:34:34,115715.99,9.16593,115716.0,2.97362
151,2025-09-13 12:34:34,115715.99,9.16574,115716.0,2.97362
152,2025-09-13 12:34:34,115715.99,9.16574,115716.0,2.97328
153,2025-09-13 12:34:35,115715.99,9.16569,115716.0,2.97328
154,2025-09-13 12:34:35,115715.99,9.16574,115716.0,2.97328
155,2025-09-13 12:34:35,115715.99,9.16574,115716.0,2.95321
156,2025-09-13 12:34:35,115715.99,9.16574,115716.0,2.95327
157,2025-09-13 12:34:35,115715.99,9.16574,115716.0,2.95118
158,2025-09-13 12:34:35,115715.99,9.16574,115716.0,2.9533
159,2025-09-13 12:34:36,115715.99,9.13496,115716.0,2.9533
160,2025-09-13 12:34:36,115715.99,9.13151,115716.0,2.9533
161,2025-09-13 12:34:36,115715.99,9.12806,115716.0,2.9533
162,2025-09-13 12:34:36,115715.99,9.15884,115716.0,2.9533
163,2025-09-13 12:34:36,115715.99,9.16229,115716.0,2.9533
164,2025-09-13 12:34:36,115715.99,9.16574,115716.0,2.9533
165,2025-09-13 12:34:36,115715.99,9.16509,115716.0,2.9533
166,2025-09-13 12:34:36,115715.99,9.36045,115716.0,2.9533
167,2025-09-13 12:34:36,115715.99,9.3604,115716.0,2.9533
168,2025-09-13 12:34:36,115715.99,9.35911,115716.0,2.9533
169,2025-09-13 12:34:37,115715.99,9.35881,115716.0,2.9533
170,2025-09-13 12:34:37,115715.99,9.35876,115716.0,2.9533
171,2025-09-13 12:34:37,115715.99,9.35886,115716.0,2.9533
172,2025-09-13 12:34:38,115715.99,9.35906,115716.0,2.9533
173,2025-09-13 12:34:38,115715.99,9.35906,115716.0,2.95324
174,2025-09-13 12:34:38,115715.99,9.35889,115716.0,2.95324
175,2025-09-13 12:34:38,115715.99,9.35907,115716.0,2.95324
176,2025-09-13 12:34:38,115715.99,9.35907,115716.0,2.95329
177,2025-09-13 12:34:38,115715.99,9.35907,115716.0,2.95117
178,2025-09-13 12:34:38,115715.99,9.35907,115716.0,2.9533
179,2025-09-13 12:34:39,115715.99,9.35907,115716.0,2.95253
180,2025-09-13 12:34:39,115715.99,9.35907,115716.0,2.95229
181,2025-09-13 12:34:39,115715.99,9.33045,115716.0,2.95229
182,2025-09-13 12:34:39,115715.99,9.33045,115716.0,2.92228
183,2025-09-13 12:34:39,115715.99,9.32796,115716.0,2.92228
184,2025-09-13 12:34:39,115715.99,9.32786,115716.0,2.92228
185,2025-09-13 12:34:39,115715.99,9.33041,115716.0,2.92228
186,2025-09-13 12:34:39,115715.99,9.33041,115716.0,3.30478
187,2025-09-13 12:34:39,115715.99,9.33041,115716.0,2.92228
188,2025-09-13 12:34:39,115715.99,9.29963,115716.0,2.92228
189,2025-09-13 12:34:39,115715.99,9.29618,115716.0,2.92228
190,2025-09-13 12:34:39,115715.99,9.29273,115716.0,2.92228
191,2025-09-13 12:34:39,115715.99,9.29618,115716.0,2.92228
192,2025-09-13 12:34:39,115715.99,9.29963,115716.0,2.92228
193,2025-09-13 12:34:39,115715.99,9.33041,115716.0,2.92228
194,2025-09-13 12:34:39,115715.99,9.29963,115716.0,2.92228
195,2025-09-13 12:34:39,115715.99,9.29618,115716.0,2.92228
196,2025-09-13 12:34:39,115715.99,9.29273,115716.0,2.92228
197,2025-09-13 12:34:39,115715.99,9.29273,115716.0,2.92233
198,2025-09-13 12:34:39,115715.99,9.29618,115716.0,2.92233
199,2025-09-13 12:34:39,115715.99,9.29963,115716.0,2.92233
200,2025-09-13 12:34:39,115715.99,9.33041,115716.0,2.92233
201,2025-09-13 12:34:39,115715.99,9.33041,115716.0,3.30483
202,2025-09-13 12:34:39,115715.99,9.32817,115716.0,3.30483
203,2025-09-13 12:34:39,115715.99,9.29739,115716.0,3.30483
204,2025-09-13 12:34:39,115715.99,9.29394,115716.0,3.30483
205,2025-09-13 12:34:39,115715.99,9.29049,115716.0,3.30483
206,2025-09-13 12:34:39,115715.99,9.29049,115716.0,3.30488
207,2025-09-13 12:34:40,115715.99,9.32127,115716.0,3.30488
208,2025-09-13 12:34:40,115715.99,9.32472,115716.0,3.30488
209,2025-09-13 12:34:40,115715.99,9.32817,115716.0,3.30488
210,2025-09-13 12:34:40,115715.99,9.32817,115716.0,3.30493
211,2025-09-13 12:34:40,115715.99,9.32817,115716.0,3.30488
212,2025-09-13 12:34:40,115715.99,9.32788,115716.0,3.30488
213,2025-09-13 12:34:40,115715.99,9.32788,115716.0,3.30482
214,2025-09-13 12:34:41,115715.99,9.32788,115716.0,3.30477
215,2025-09-13 12:34:41,115715.99,9.32788,115716.0,3.30482
216,2025-09-13 12:34:41,115715.99,9.32788,115716.0,3.30487
217,2025-09-13 12:34:41,115715.99,9.32788,115716.0,3.49992
218,2025-09-13 12:34:41,115715.99,9.3277,115716.0,3.49992
219,2025-09-13 12:34:41,115715.99,9.328,115716.0,3.49992
220,2025-09-13 12:34:41,115715.99,9.13264,115716.0,3.49992
221,2025-09-13 12:34:41,115715.99,9.13264,115716.0,3.54992
222,2025-09-13 12:34:41,115715.99,9.13259,115716.0,3.54992
223,2025-09-13 12:34:41,115715.99,9.13264,115716.0,3.54992
224,2025-09-13 12:34:41,115715.99,9.13269,115716.0,3.54992
225,2025-09-13 12:34:42,115715.99,9.13269,115716.0,3.54998
226,2025-09-13 12:34:42,115715.99,9.13269,115716.0,3.53435
227,2025-09-13 12:34:42,115715.99,9.13239,115716.0,3.53435
228,2025-09-13 12:34:42,115715.99,9.13271,115716.0,3.53435
229,2025-09-13 12:34:42,115715.99,9.13271,115716.0,3.5343
230,2025-09-13 12:34:42,115715.99,9.13271,115716.0,3.53378
231,2025-09-13 12:34:42,115715.99,9.13271,115716.0,3.53205
232,2025-09-13 12:34:43,115715.99,9.13271,115716.0,3.532
233,2025-09-13 12:34:43,115715.99,9.13271,115716.0,3.38826
234,2025-09-13 12:34:43,115715.99,9.13271,115716.0,3.33826
235,2025-09-13 12:34:43,115715.99,9.12381,115716.0,3.33826
236,2025-09-13 12:34:43,115715.99,9.14178,115716.0,3.33826
237,2025-09-13 12:34:43,115715.99,9.14178,115716.0,3.33664
238,2025-09-13 12:34:44,115715.99,9.111,115716.0,3.33664
239,2025-09-13 12:34:44,115715.99,9.10755,115716.0,3.33664
240,2025-09-13 12:34:44,115715.99,9.1041,115716.0,3.33664
241,2025-09-13 12:34:44,115715.99,9.1041,115716.0,3.33669
242,2025-09-13 12:34:44,115715.99,9.10755,115716.0,3.33669
243,2025-09-13 12:34:44,115715.99,9.111,115716.0,3.33669
244,2025-09-13 12:34:44,115715.99,9.14178,115716.0,3.33669
245,2025-09-13 12:34:44,115715.99,9.13833,115716.0,3.33669
246,2025-09-13 12:34:44,115715.99,9.13488,115716.0,3.33669
247,2025-09-13 12:34:44,115715.99,9.1041,115716.0,3.33669
248,2025-09-13 12:34:44,115715.99,9.1041,115716.0,3.33303
249,2025-09-13 12:34:44,115715.99,9.10755,115716.0,3.33303
250,2025-09-13 12:34:44,115715.99,9.13833,115716.0,3.33303
251,2025-09-13 12:34:44,115715.99,9.14178,115716.0,3.33303
252,2025-09-13 12:34:44,115715.99,9.12381,115716.0,3.33303
253,2025-09-13 12:34:44,115715.99,9.12381,115716.0,3.33272
254,2025-09-13 12:34:45,115715.99,9.12381,115716.0,3.33267
255,2025-09-13 12:34:45,115715.99,9.12386,115716.0,3.33267
256,2025-09-13 12:34:45,115715.99,9.15266,115716.0,3.33267
257,2025-09-13 12:34:45,115715.99,9.15266,115716.0,3.33262
258,2025-09-13 12:34:45,115715.99,9.15256,115716.0,3.33262
259,2025-09-13 12:34:45,115715.99,9.15269,115716.0,3.33262
260,2025-09-13 12:34:45,115715.99,9.15139,115716.0,3.33262
261,2025-09-13 12:34:45,115715.99,9.15139,115716.0,3.12302
262,2025-09-13 12:34:45,115715.99,9.15139,115716.0,2.74052
263,2025-09-13 12:34:45,115715.99,9.15139,115716.0,2.54547
264,2025-09-13 12:34:45,115715.99,9.15139,115716.0,2.48428
265,2025-09-13 12:34:45,115715.99,9.15144,115716.0,2.48428
266,2025-09-13 12:34:45,115715.99,9.15139,115716.0,2.48428
267,2025-09-13 12:34:46,115715.99,9.15139,115716.0,2.54544
268,2025-09-13 12:34:46,115715.99,9.15139,115716.0,2.92794
269,2025-09-13 12:34:46,115715.99,9.15144,115716.0,2.92794
270,2025-09-13 12:34:46,115715.99,9.15139,115716.0,2.92794
271,2025-09-13 12:34:46,115715.99,9.15139,115716.0,2.92737
272,2025-09-13 12:34:47,115715.99,9.15139,115716.0,2.92749
273,2025-09-13 12:34:47,115715.99,9.15077,115716.0,2.92749
274,2025-09-13 12:34:47,115715.99,9.15077,115716.0,2.92743
275,2025-09-13 12:34:47,115715.99,9.15077,115716.0,2.90222
276,2025-09-13 12:34:47,115715.99,9.16874,115716.0,2.90222
277,2025-09-13 12:34:47,115715.99,9.16698,115716.0,2.90222
278,2025-09-13 12:34:47,115715.99,9.16698,115716.0,2.90217
279,2025-09-13 12:34:47,115715.99,9.16443,115716.0,2.90217
280,2025-09-13 12:34:47,115715.99,9.16699,115716.0,2.90217
281,2025-09-13 12:34:47,115715.99,9.16699,115716.0,2.90222
282,2025-09-13 12:34:48,115715.99,9.16699,115716.0,2.9457
283,2025-09-13 12:34:48,115715.99,9.16223,115716.0,2.9457
284,2025-09-13 12:34:48,115715.99,9.1605,115716.0,2.9457
285,2025-09-13 12:34:48,115715.99,9.1605,115716.0,2.94543
286,2025-09-13 12:34:48,115715.99,9.16036,115716.0,2.94543
287,2025-09-13 12:34:48,115715.99,9.16036,115716.0,2.56293
288,2025-09-13 12:34:48,115715.99,9.4246,115716.0,2.56293
289,2025-09-13 12:34:48,115715.99,9.94295,115716.0,2.56293
290,2025-09-13 12:34:48,115715.99,9.9429,115716.0,2.56293
291,2025-09-13 12:34:48,115715.99,9.94285,115716.0,2.56293
292,2025-09-13 12:34:48,115715.99,9.94285,115716.0,2.56298
293,2025-09-13 12:34:48,115715.99,9.93729,115716.0,2.56298
294,2025-09-13 12:34:48,115715.99,9.93729,115716.0,2.56304
295,2025-09-13 12:34:49,115715.99,9.91932,115716.0,2.56304
296,2025-09-13 12:34:49,115715.99,9.91932,115716.0,2.56204
297,2025-09-13 12:34:49,115715.99,9.40097,115716.0,2.56204
298,2025-09-13 12:34:49,115715.99,9.91932,115716.0,2.56204
299,2025-09-13 12:34:49,115715.99,9.88854,115716.0,2.56204
300,2025-09-13 12:34:49,115715.99,9.88509,115716.0,2.56204
301,2025-09-13 12:34:49,115715.99,9.88164,115716.0,2.56204
302,2025-09-13 12:34:49,115715.99,9.88164,115716.0,2.5535
303,2025-09-13 12:34:49,115715.99,9.36329,115716.0,2.5535
304,2025-09-13 12:34:49,115715.99,9.88164,115716.0,2.5535
305,2025-09-13 12:34:49,115715.99,9.36329,115716.0,2.5535
306,2025-09-13 12:34:49,115715.99,9.36674,115716.0,2.5535
307,2025-09-13 12:34:49,115715.99,9.37019,115716.0,2.5535
308,2025-09-13 12:34:49,115715.99,9.40097,115716.0,2.5535
309,2025-09-13 12:34:49,115715.99,9.40102,115716.0,2.5535
310,2025-09-13 12:34:49,115715.99,9.40089,115716.0,2.5535
311,2025-09-13 12:34:49,115715.99,9.40104,115716.0,2.5535
312,2025-09-13 12:34:49,115715.99,9.39628,115716.0,2.5535
313,2025-09-13 12:34:50,115715.99,9.40364,115716.0,2.5535
314,2025-09-13 12:34:50,115715.99,9.40364,115716.0,2.49333
315,2025-09-13 12:34:50,115715.99,9.40364,115716.0,2.4912
316,2025-09-13 12:34:50,115715.99,9.40364,115716.0,2.49332
317,2025-09-13 12:34:50,115715.99,9.40141,115716.0,2.49332
318,2025-09-13 12:34:51,115715.99,9.39969,115716.0,2.49332
319,2025-09-13 12:34:51,115715.99,9.40969,115716.0,2.49332
320,2025-09-13 12:34:51,115715.99,9.40969,115716.0,2.50451
321,2025-09-13 12:34:51,115715.99,9.37891,115716.0,2.50451
322,2025-09-13 12:34:51,115715.99,9.11467,115716.0,2.50451
323,2025-09-13 12:34:51,115715.99,9.11467,115716.0,2.55451
324,2025-09-13 12:34:51,115715.99,9.11467,115716.0,2.74161
325,2025-09-13 12:34:51,115715.99,9.11122,115716.0,2.74161
326,2025-09-13 12:34:51,115715.99,9.10777,115716.0,2.74161
327,2025-09-13 12:34:51,115715.99,9.10777,115716.0,2.94161
328,2025-09-13 12:34:51,115715.99,9.10777,115716.0,2.94145
329,2025-09-13 12:34:51,115715.99,9.10777,115716.0,2.93591
330,2025-09-13 12:34:51,115715.99,9.10777,115716.0,2.93596
331,2025-09-13 12:34:51,115715.99,9.10777,115716.0,2.93601
332,2025-09-13 12:34:51,115715.99,9.10782,115716.0,2.93601
333,2025-09-13 12:34:51,115715.99,9.10782,115716.0,2.93606
334,2025-09-13 12:34:51,115715.99,9.10782,115716.0,2.93611
335,2025-09-13 12:34:51,115715.99,9.11127,115716.0,2.93611
336,2025-09-13 12:34:51,115715.99,9.11472,115716.0,2.93611
337,2025-09-13 12:34:51,115715.99,9.1455,115716.0,2.93611
338,2025-09-13 12:34:51,115715.99,9.1455,115716.0,2.93606
339,2025-09-13 12:34:51,115715.99,9.1455,115716.0,2.93601
340,2025-09-13 12:34:52,115715.99,9.1455,115716.0,2.89253
341,2025-09-13 12:34:52,115715.99,9.14545,115716.0,2.89253
342,2025-09-13 12:34:52,115715.99,9.1455,115716.0,2.89253
343,2025-09-13 12:34:52,115715.99,9.1455,115716.0,2.88993
344,2025-09-13 12:34:52,115715.99,9.1455,115716.0,2.83993
345,2025-09-13 12:34:52,115715.99,9.1455,115716.0,2.83988
346,2025-09-13 12:34:52,115715.99,9.1455,115716.0,2.83555
347,2025-09-13 12:34:52,115715.99,9.1455,115716.0,2.83543
348,2025-09-13 12:34:52,115715.99,9.14545,115716.0,2.83543
349,2025-09-13 12:34:52,115715.99,9.14545,115716.0,2.83538
350,2025-09-13 12:34:52,115715.99,9.14545,115716.0,2.83533
351,2025-09-13 12:34:52,115715.99,9.14545,115716.0,2.83525
352,2025-09-13 12:34:52,115715.99,9.11467,115716.0,2.83525
353,2025-09-13 12:34:52,115715.99,9.11122,115716.0,2.83525
354,2025-09-13 12:34:52,115715.99,9.10777,115716.0,2.83525
355,2025-09-13 12:34:53,115715.99,9.10777,115716.0,3.21775
356,2025-09-13 12:34:53,115715.99,9.10777,115716.0,3.26775
357,2025-09-13 12:34:53,115715.99,9.13855,115716.0,3.26775
358,2025-09-13 12:34:53,115715.99,9.13855,115716.0,3.2678
359,2025-09-13 12:34:53,115715.99,9.13855,115716.0,3.26775
360,2025-09-13 12:34:53,115715.99,9.13855,115716.0,3.2678
361,2025-09-13 12:34:53,115715.99,9.142,115716.0,3.2678
362,2025-09-13 12:34:53,115715.99,9.14545,115716.0,3.2678
363,2025-09-13 12:34:53,115715.99,9.1454,115716.0,3.2678
364,2025-09-13 12:34:53,115715.99,9.14545,115716.0,3.2678
365,2025-09-13 12:34:53,115715.99,9.14545,115716.0,3.12406
366,2025-09-13 12:34:53,115715.99,9.14545,115716.0,3.07406
367,2025-09-13 12:34:53,115715.99,9.14545,115716.0,2.69156
368,2025-09-13 12:34:53,115715.99,9.1454,115716.0,2.69156
369,2025-09-13 12:34:53,115715.99,9.14545,115716.0,2.69156
370,2025-09-13 12:34:53,115715.99,9.14513,115716.0,2.69156
371,2025-09-13 12:34:53,115715.99,9.14544,115716.0,2.69156
372,2025-09-13 12:34:54,115715.99,9.14544,115716.0,2.6915
373,2025-09-13 12:34:54,115715.99,9.14535,115716.0,2.6915
374,2025-09-13 12:34:54,115715.99,9.14535,115716.0,2.69145
375,2025-09-13 12:34:54,115715.99,9.1454,115716.0,2.69145
376,2025-09-13 12:34:54,115715.99,9.1454,115716.0,2.69109
377,2025-09-13 12:34:54,115715.99,9.14535,115716.0,2.69109
378,2025-09-13 12:34:54,115715.99,9.14535,115716.0,2.68976
379,2025-09-13 12:34:55,115715.99,9.14535,115716.0,2.68981
380,2025-09-13 12:34:55,115715.99,9.1453,115716.0,2.68981
381,2025-09-13 12:34:55,115715.99,9.14535,115716.0,2.68981
382,2025-09-13 12:34:55,115715.99,9.1447,115716.0,2.68981
383,2025-09-13 12:34:55,115715.99,9.1447,115716.0,2.68987
384,2025-09-13 12:34:55,115715.99,9.1447,115716.0,2.68946
385,2025-09-13 12:34:55,115715.99,9.1447,115716.0,2.6894
386,2025-09-13 12:34:55,115715.99,9.1447,115716.0,2.68935
387,2025-09-13 12:34:55,115715.99,9.1447,115716.0,2.68797
388,2025-09-13 12:34:55,115715.99,9.1447,115716.0,2.68792
389,2025-09-13 12:34:56,115715.99,9.1447,115716.0,2.68797
390,2025-09-13 12:34:56,115715.99,9.14465,115716.0,2.68797
391,2025-09-13 12:34:56,115715.99,9.1447,115716.0,2.68797
392,2025-09-13 12:34:56,115715.99,9.14935,115716.0,2.68797
393,2025-09-13 12:34:56,115715.99,9.14894,115716.0,2.68797
394,2025-09-13 12:34:56,115715.99,9.14889,115716.0,2.68797
395,2025-09-13 12:34:56,115715.99,9.14889,115716.0,2.68792
396,2025-09-13 12:34:56,115715.99,9.14894,115716.0,2.68792
397,2025-09-13 12:34:56,115715.99,9.14863,115716.0,2.68792
398,2025-09-13 12:34:56,115715.99,9.14896,115716.0,2.68792
399,2025-09-13 12:34:57,115715.99,9.14896,115716.0,2.68787
400,2025-09-13 12:34:57,115715.99,9.14891,115716.0,2.68787
401,2025-09-13 12:34:57,115715.99,9.14891,115716.0,2.68762
402,2025-09-13 12:34:57,115715.99,9.14886,115716.0,2.68762
403,2025-09-13 12:34:57,115715.99,9.14891,115716.0,2.68762
404,2025-09-13 12:34:57,115715.99,9.14891,115716.0,3.07012
405,2025-09-13 12:34:57,115715.99,9.14891,115716.0,3.06757
406,2025-09-13 12:34:57,115715.99,9.14891,115716.0,3.06752
407,2025-09-13 12:34:57,115715.99,9.14891,115716.0,3.06757
408,2025-09-13 12:34:57,115715.99,9.14876,115716.0,3.06757
409,2025-09-13 12:34:57,115715.99,9.14894,115716.0,3.06757
410,2025-09-13 12:34:57,115715.99,9.14638,115716.0,3.06757
411,2025-09-13 12:34:57,115715.99,9.14942,115716.0,3.06757
412,2025-09-13 12:34:58,115715.99,9.14937,115716.0,3.06757
413,2025-09-13 12:34:58,115715.99,9.14942,115716.0,3.06757
414,2025-09-13 12:34:58,115715.99,9.14942,115716.0,3.06657
415,2025-09-13 12:34:58,115715.99,9.14852,115716.0,3.06657
416,2025-09-13 12:34:58,115715.99,9.14852,115716.0,3.06652
417,2025-09-13 12:34:58,115715.99,9.14852,115716.0,3.11652
418,2025-09-13 12:34:58,115715.99,9.13988,115716.0,3.11652
419,2025-09-13 12:34:59,115715.99,9.13988,115716.0,3.11555
420,2025-09-13 12:34:59,115715.99,9.13983,115716.0,3.11555
421,2025-09-13 12:34:59,115715.99,9.13988,115716.0,3.11555
422,2025-09-13 12:34:59,115715.99,9.13988,115716.0,3.1069
423,2025-09-13 12:34:59,115715.99,9.13988,115716.0,3.10695
424,2025-09-13 12:34:59,115715.99,9.13988,115716.0,3.107
425,2025-09-13 12:34:59,115715.99,9.13978,115716.0,3.107
426,2025-09-13 12:34:59,115715.99,9.13978,115716.0,3.10695
427,2025-09-13 12:34:59,115715.99,9.13983,115716.0,3.10695
428,2025-09-13 12:34:59,115715.99,9.13983,115716.0,3.10521
429,2025-09-13 12:34:59,115715.99,9.13978,115716.0,3.10521
430,2025-09-13 12:34:59,115715.99,9.13983,115716.0,3.10521
431,2025-09-13 12:35:00,115715.99,9.13983,115716.0,3.10516
432,2025-09-13 12:35:00,115715.99,9.13983,115716.0,3.10521
433,2025-09-13 12:35:00,115715.99,9.13983,115716.0,3.10526
434,2025-09-13 12:35:00,115715.99,9.13978,115716.0,3.10526
435,2025-09-13 12:35:00,115715.99,9.13983,115716.0,3.10526
436,2025-09-13 12:35:00,115715.99,9.13983,115716.0,3.05526
437,2025-09-13 12:35:00,115715.99,9.1578,115716.0,3.05526
438,2025-09-13 12:35:00,115715.99,9.1575,115716.0,3.05526
439,2025-09-13 12:35:00,115715.99,9.1575,115716.0,3.05521
440,2025-09-13 12:35:00,115715.99,9.1575,115716.0,3.05515
441,2025-09-13 12:35:00,115715.99,9.15701,115716.0,3.05515
442,2025-09-13 12:35:00,115715.99,9.15706,115716.0,3.05515
443,2025-09-13 12:35:00,115715.99,9.15706,115716.0,2.67265
444,2025-09-13 12:35:01,115715.99,9.15706,115716.0,2.72182
445,2025-09-13 12:35:01,115715.99,9.15706,115716.0,3.10432
446,2025-09-13 12:35:02,115715.99,9.15706,115716.0,3.10438
447,2025-09-13 12:35:02,115715.99,9.15706,115716.0,3.10388
448,2025-09-13 12:35:02,115715.99,9.15701,115716.0,3.10388
449,2025-09-13 12:35:02,115715.99,9.15696,115716.0,3.10388
450,2025-09-13 12:35:02,115715.99,9.15701,115716.0,3.10388
451,2025-09-13 12:35:02,115715.99,9.15475,115716.0,3.10388
452,2025-09-13 12:35:02,115715.99,9.15475,115716.0,2.72138
453,2025-09-13 12:35:02,115715.99,9.13234,115716.0,2.72138
454,2025-09-13 12:35:02,115715.99,9.13152,115716.0,2.72138
455,2025-09-13 12:35:02,115715.99,9.13152,115716.0,2.7148
456,2025-09-13 12:35:02,115715.99,9.13082,115716.0,2.7148
457,2025-09-13 12:35:02,115715.99,9.13073,115716.0,2.7148
458,2025-09-13 12:35:02,115715.99,9.11276,115716.0,2.7148
459,2025-09-13 12:35:02,115715.99,9.11281,115716.0,2.7148
460,2025-09-13 12:35:03,115715.99,9.11286,115716.0,2.7148
461,2025-09-13 12:35:03,115715.99,9.11301,115716.0,2.7148
462,2025-09-13 12:35:03,115715.99,9.11301,115716.0,2.57105
463,2025-09-13 12:35:03,115715.99,9.11296,115716.0,2.57105
464,2025-09-13 12:35:03,115715.99,9.11296,115716.0,2.95355
465,2025-09-13 12:35:03,115715.99,9.11296,115716.0,3.00355
466,2025-09-13 12:35:03,115715.99,9.11301,115716.0,3.00355
467,2025-09-13 12:35:03,115715.99,9.11306,115716.0,3.00355
468,2025-09-13 12:35:03,115715.99,9.11301,115716.0,3.00355
469,2025-09-13 12:35:03,115715.99,9.11301,115716.0,3.0035
470,2025-09-13 12:35:03,115715.99,9.11301,115716.0,3.00355
471,2025-09-13 12:35:03,115715.99,9.11296,115716.0,3.00355
472,2025-09-13 12:35:03,115715.99,9.11291,115716.0,3.00355
473,2025-09-13 12:35:03,115715.99,9.11296,115716.0,3.00355
474,2025-09-13 12:35:03,115715.99,9.11301,115716.0,3.00355
475,2025-09-13 12:35:03,115715.99,9.11306,115716.0,3.00355
476,2025-09-13 12:35:03,115715.99,9.11306,115716.0,2.99747
477,2025-09-13 12:35:03,115715.99,9.11306,115716.0,3.00071
478,2025-09-13 12:35:03,115715.99,9.09946,115716.0,3.00071
479,2025-09-13 12:35:03,115715.99,9.09941,115716.0,3.00071
480,2025-09-13 12:35:03,115715.99,9.09941,115716.0,3.00119
481,2025-09-13 12:35:03,115715.99,9.09941,115716.0,3.00229
482,2025-09-13 12:35:04,115715.99,9.12941,115716.0,3.00229
483,2025-09-13 12:35:04,115715.99,9.12839,115716.0,3.00229
484,2025-09-13 12:35:04,115715.99,9.1282,115716.0,3.00229
485,2025-09-13 12:35:04,115715.99,9.1282,115716.0,3.00302
486,2025-09-13 12:35:04,115715.99,9.1282,115716.0,3.00229
487,2025-09-13 12:35:04,115715.99,9.1282,115716.0,3.00224
488,2025-09-13 12:35:04,115715.99,9.1282,115716.0,2.61974
489,2025-09-13 12:35:04,115715.99,9.1282,115716.0,2.6165
490,2025-09-13 12:35:04,115715.99,9.12815,115716.0,2.6165
491,2025-09-13 12:35:04,115715.99,9.1281,115716.0,2.6165
492,2025-09-13 12:35:04,115715.99,9.12815,115716.0,2.6165
493,2025-09-13 12:35:04,115715.99,9.1282,115716.0,2.6165
494,2025-09-13 12:35:04,115715.99,9.12516,115716.0,2.6165
495,2025-09-13 12:35:04,115715.99,9.12821,115716.0,2.6165
496,2025-09-13 12:35:05,115715.99,9.12808,115716.0,2.6165
497,2025-09-13 12:35:05,115715.99,9.14605,115716.0,2.6165
498,2025-09-13 12:35:05,115715.99,9.1461,115716.0,2.6165
499,2025-09-13 12:35:05,115715.99,9.14615,115716.0,2.6165
500,2025-09-13 12:35:05,115715.99,9.14615,115716.0,2.6164
501,2025-09-13 12:35:05,115715.99,9.14615,115716.0,2.5664
502,2025-09-13 12:35:05,115715.99,9.1461,115716.0,2.5664
503,2025-09-13 12:35:05,115715.99,9.14605,115716.0,2.5664
504,2025-09-13 12:35:05,115715.99,9.14605,115716.0,2.55521
505,2025-09-13 12:35:05,115715.99,9.146,115716.0,2.55521
506,2025-09-13 12:35:05,115715.99,9.146,115716.0,2.55496
507,2025-09-13 12:35:05,115715.99,9.146,115716.0,2.50579
508,2025-09-13 12:35:05,115715.99,9.146,115716.0,2.50479
509,2025-09-13 12:35:05,115715.99,9.14605,115716.0,2.50479
510,2025-09-13 12:35:05,115715.99,9.14596,115716.0,2.50479
511,2025-09-13 12:35:05,115715.99,9.14596,115716.0,2.50267
512,2025-09-13 12:35:05,115715.99,9.14596,115716.0,2.50475
513,2025-09-13 12:35:05,115715.99,9.14596,115716.0,2.51631
514,2025-09-13 12:35:05,115715.99,9.14608,115716.0,2.51631
515,2025-09-13 12:35:06,115715.99,9.14603,115716.0,2.51631
516,2025-09-13 12:35:06,115715.99,9.14598,115716.0,2.51631
517,2025-09-13 12:35:06,115715.99,9.14603,115716.0,2.51631
518,2025-09-13 12:35:06,115715.99,9.14608,115716.0,2.51631
519,2025-09-13 12:35:06,115715.99,9.14613,115716.0,2.51631
520,2025-09-13 12:35:06,115715.99,9.66464,115716.0,2.51631
521,2025-09-13 12:35:06,115715.99,9.14613,115716.0,2.51631
522,2025-09-13 12:35:06,115715.99,9.14608,115716.0,2.51631
523,2025-09-13 12:35:06,115715.99,9.14868,115716.0,2.51631
524,2025-09-13 12:35:06,115715.99,9.14873,115716.0,2.51631
525,2025-09-13 12:35:06,115715.99,9.14878,115716.0,2.51631
526,2025-09-13 12:35:06,115715.99,9.14883,115716.0,2.51631
527,2025-09-13 12:35:06,115715.99,9.14883,115716.0,2.51627
528,2025-09-13 12:35:06,115715.99,9.14878,115716.0,2.51627
529,2025-09-13 12:35:06,115715.99,9.14873,115716.0,2.51627
530,2025-09-13 12:35:07,115715.99,9.14873,115716.0,2.51632
531,2025-09-13 12:35:07,115715.99,9.14873,115716.0,2.50476
532,2025-09-13 12:35:07,115715.99,9.13076,115716.0,2.50476
533,2025-09-13 12:35:07,115715.99,9.13076,115716.0,2.5047
534,2025-09-13 12:35:07,115715.99,9.13076,115716.0,2.50262
535,2025-09-13 12:35:07,115715.99,9.13076,115716.0,2.50473
536,2025-09-13 12:35:07,115715.99,9.13071,115716.0,2.50473
537,2025-09-13 12:35:07,115715.99,9.13066,115716.0,2.50473
538,2025-09-13 12:35:07,115715.99,9.13061,115716.0,2.50473
539,2025-09-13 12:35:07,115715.99,9.13056,115716.0,2.50473
540,2025-09-13 12:35:07,115715.99,9.13061,115716.0,2.50473
541,2025-09-13 12:35:07,115715.99,9.13061,115716.0,2.51636
542,2025-09-13 12:35:07,115715.99,9.13066,115716.0,2.51636
543,2025-09-13 12:35:07,115715.99,9.13066,115716.0,2.56553
544,2025-09-13 12:35:08,115715.99,9.64917,115716.0,2.56553
545,2025-09-13 12:35:08,115715.99,9.64917,115716.0,2.5539
546,2025-09-13 12:35:08,115715.99,9.64922,115716.0,2.5539
547,2025-09-13 12:35:08,115715.99,9.64917,115716.0,2.5539
548,2025-09-13 12:35:08,115715.99,9.64743,115716.0,2.5539
549,2025-09-13 12:35:08,115715.99,9.12892,115716.0,2.5539
550,2025-09-13 12:35:08,115715.99,9.12892,115716.0,2.56523
551,2025-09-13 12:35:08,115715.99,9.12897,115716.0,2.56523
552,2025-09-13 12:35:08,115715.99,9.12892,115716.0,2.56523
553,2025-09-13 12:35:08,115715.99,9.12892,115716.0,2.56529
554,2025-09-13 12:35:08,115715.99,9.12897,115716.0,2.56529
555,2025-09-13 12:35:08,115715.99,9.12897,115716.0,2.586
556,2025-09-13 12:35:09,115715.99,9.12897,115716.0,2.58595
557,2025-09-13 12:35:09,115715.99,9.12897,115716.0,2.586
558,2025-09-13 12:35:09,115715.99,9.12897,115716.0,2.58595
559,2025-09-13 12:35:09,115715.99,9.12897,115716.0,2.653
560,2025-09-13 12:35:09,115715.99,9.12897,115716.0,2.65295
561,2025-09-13 12:35:09,115715.99,9.12897,115716.0,2.653
562,2025-09-13 12:35:09,115715.99,9.64748,115716.0,2.653
563,2025-09-13 12:35:09,115715.99,9.64337,115716.0,2.653
564,2025-09-13 12:35:09,115715.99,9.64332,115716.0,2.653
565,2025-09-13 12:35:09,115715.99,9.64332,115716.0,2.64872
566,2025-09-13 12:35:09,115715.99,9.6409,115716.0,2.64872
567,2025-09-13 12:35:09,115715.99,9.6409,115716.0,2.63739
568,2025-09-13 12:35:09,115715.99,9.12239,115716.0,2.63739
569,2025-09-13 12:35:09,115715.99,9.12239,115716.0,2.64858
570,2025-09-13 12:35:09,115715.99,9.6409,115716.0,2.64858
571,2025-09-13 12:35:09,115715.99,9.12239,115716.0,2.64858
572,2025-09-13 12:35:09,115715.99,9.1222,115716.0,2.64858
573,2025-09-13 12:35:10,115715.99,9.12225,115716.0,2.64858
574,2025-09-13 12:35:10,115715.99,9.12225,115716.0,2.69858
575,2025-09-13 12:35:10,115715.99,9.11691,115716.0,2.69858
576,2025-09-13 12:35:10,115715.99,9.11691,115716.0,2.89363
577,2025-09-13 12:35:10,115715.99,9.11691,115716.0,2.89694
578,2025-09-13 12:35:10,115715.99,9.14285,115716.0,2.89694
579,2025-09-13 12:35:10,115715.99,9.1428,115716.0,2.89694
580,2025-09-13 12:35:10,115715.99,9.1428,115716.0,2.89699
581,2025-09-13 12:35:10,115715.99,9.14288,115716.0,2.89699
582,2025-09-13 12:35:10,115715.99,9.14283,115716.0,2.89699
583,2025-09-13 12:35:10,115715.99,9.14283,115716.0,3.10659
584,2025-09-13 12:35:10,115715.99,9.11205,115716.0,3.10659
585,2025-09-13 12:35:10,115715.99,9.1086,115716.0,3.10659
586,2025-09-13 12:35:10,115715.99,9.10515,115716.0,3.10659
587,2025-09-13 12:35:10,115715.99,9.10515,115716.0,3.45141
588,2025-09-13 12:35:10,115715.99,9.10515,115716.0,3.83391
589,2025-09-13 12:35:10,115715.99,9.10515,115716.0,4.23839
590,2025-09-13 12:35:10,115715.99,9.10515,115716.0,4.23844
591,2025-09-13 12:35:10,115715.99,9.10515,115716.0,4.23839
592,2025-09-13 12:35:10,115715.99,9.10515,115716.0,4.23844
593,2025-09-13 12:35:10,115715.99,9.06185,115716.0,4.23844
594,2025-09-13 12:35:10,115715.99,9.06185,115716.0,4.31003
595,2025-09-13 12:35:10,115715.99,9.09263,115716.0,4.31003
596,2025-09-13 12:35:10,115715.99,9.09263,115716.0,4.31077
597,2025-09-13 12:35:10,115715.99,9.09263,115716.0,4.31082
598,2025-09-13 12:35:10,115715.99,9.09263,115716.0,4.31087
599,2025-09-13 12:35:10,115715.99,9.09263,115716.0,4.31082
600,2025-09-13 12:35:10,115715.99,9.09258,115716.0,4.31082
601,2025-09-13 12:35:10,115715.99,9.09258,115716.0,4.31077
602,2025-09-13 12:35:10,115715.99,9.09258,115716.0,4.31072
603,2025-09-13 12:35:10,115715.99,9.09258,115716.0,4.31077
604,2025-09-13 12:35:10,115715.99,9.09263,115716.0,4.31077
605,2025-09-13 12:35:10,115715.99,9.09608,115716.0,4.31077
606,2025-09-13 12:35:10,115715.99,9.09953,115716.0,4.31077
607,2025-09-13 12:35:10,115715.99,9.09953,115716.0,4.31072
608,2025-09-13 12:35:10,115715.99,9.09953,115716.0,4.31067
609,2025-09-13 12:35:11,115715.99,9.09953,115716.0,4.31072
610,2025-09-13 12:35:11,115715.99,9.09953,115716.0,4.31067
611,2025-09-13 12:35:11,115715.99,9.09953,115716.0,4.31072
612,2025-09-13 12:35:11,115715.99,9.06875,115716.0,4.31072
613,2025-09-13 12:35:11,115715.99,9.06875,115716.0,4.96808
614,2025-09-13 12:35:11,115715.99,9.0653,115716.0,4.96808
615,2025-09-13 12:35:11,115715.99,9.06185,115716.0,4.96808
616,2025-09-13 12:35:11,115715.99,9.06185,115716.0,5.17408
617,2025-09-13 12:35:11,115715.99,9.06185,115716.0,5.17403
618,2025-09-13 12:35:11,115715.99,9.0618,115716.0,5.17403
619,2025-09-13 12:35:11,115715.99,9.0618,115716.0,5.17398
620,2025-09-13 12:35:11,115715.99,9.0618,115716.0,5.17403
621,2025-09-13 12:35:11,115715.99,9.09258,115716.0,5.17403
622,2025-09-13 12:35:11,115715.99,9.09603,115716.0,5.17403
623,2025-09-13 12:35:11,115715.99,9.09948,115716.0,5.17403
624,2025-09-13 12:35:11,115715.99,9.09948,115716.0,5.17408
625,2025-09-13 12:35:11,115715.99,9.09948,115716.0,5.17413
626,2025-09-13 12:35:11,115715.99,9.09948,115716.0,5.17408
627,2025-09-13 12:35:12,115715.99,9.09948,115716.0,5.12491
628,2025-09-13 12:35:12,115715.99,9.09643,115716.0,5.12491
629,2025-09-13 12:35:12,115715.99,9.10019,115716.0,5.12491
630,2025-09-13 12:35:12,115715.99,9.09975,115716.0,5.12491
631,2025-09-13 12:35:12,115715.99,9.10019,115716.0,5.12491
632,2025-09-13 12:35:12,115715.99,9.09919,115716.0,5.12491
633,2025-09-13 12:35:12,115715.99,9.09773,115716.0,5.12491
634,2025-09-13 12:35:12,115715.99,9.09773,115716.0,5.12507
635,2025-09-13 12:35:12,115715.99,9.09773,115716.0,5.12502
636,2025-09-13 12:35:13,115715.99,9.14095,115716.0,5.12502
637,2025-09-13 12:35:13,115715.99,9.14095,115716.0,5.12507
638,2025-09-13 12:35:13,115715.99,9.14095,115716.0,5.12502
639,2025-09-13 12:35:13,115715.99,9.14095,115716.0,5.12291
640,2025-09-13 12:35:13,115715.99,9.14095,115716.0,5.12504
641,2025-09-13 12:35:13,115715.99,9.14095,115716.0,4.9813
642,2025-09-13 12:35:13,115715.99,9.1409,115716.0,4.9813
643,2025-09-13 12:35:13,115715.99,9.1409,115716.0,4.98124
644,2025-09-13 12:35:13,115715.99,9.14083,115716.0,4.98124
645,2025-09-13 12:35:14,115715.99,9.14083,115716.0,4.93124
646,2025-09-13 12:35:14,115715.99,9.14083,115716.0,4.89054
647,2025-09-13 12:35:14,115715.99,9.14083,115716.0,4.89059
648,2025-09-13 12:35:14,115715.99,9.14083,115716.0,4.89034
649,2025-09-13 12:35:14,115715.99,9.14088,115716.0,4.89034
650,2025-09-13 12:35:14,115715.99,9.14083,115716.0,4.89034
651,2025-09-13 12:35:14,115715.99,9.14083,115716.0,4.89029
652,2025-09-13 12:35:14,115715.99,9.14083,115716.0,4.93946
653,2025-09-13 12:35:14,115715.99,9.14083,115716.0,4.98946
654,2025-09-13 12:35:15,115715.99,9.14083,115716.0,4.98951
655,2025-09-13 12:35:15,115715.99,9.14083,115716.0,4.98957
656,2025-09-13 12:35:15,115715.99,9.14083,115716.0,4.98945
657,2025-09-13 12:35:15,115715.99,9.14083,115716.0,4.9894
658,2025-09-13 12:35:15,115715.99,9.13657,115716.0,4.9894
659,2025-09-13 12:35:15,115715.99,9.13624,115716.0,4.9894
660,2025-09-13 12:35:15,115715.99,9.13658,115716.0,4.9894
661,2025-09-13 12:35:15,115715.99,9.13658,115716.0,4.98945
662,2025-09-13 12:35:15,115715.99,9.13658,115716.0,4.9895
663,2025-09-13 12:35:15,115715.99,9.13658,115716.0,4.98945
664,2025-09-13 12:35:16,115715.99,9.13658,115716.0,4.98935
665,2025-09-13 12:35:16,115715.99,9.13658,115716.0,4.9894
666,2025-09-13 12:35:16,115715.99,9.13658,115716.0,4.98935
667,2025-09-13 12:35:17,115715.99,9.13282,115716.0,4.98935
668,2025-09-13 12:35:17,115715.99,9.13632,115716.0,4.98935
669,2025-09-13 12:35:17,115715.99,9.13632,115716.0,4.98918
670,2025-09-13 12:35:17,115715.99,9.13632,115716.0,4.98923
671,2025-09-13 12:35:17,115715.99,9.13632,115716.0,4.98918
672,2025-09-13 12:35:17,115715.99,9.13546,115716.0,4.98918
673,2025-09-13 12:35:17,115715.99,9.13546,115716.0,4.60668
674,2025-09-13 12:35:17,115715.99,9.48113,115716.0,4.60668
675,2025-09-13 12:35:17,115715.99,9.48101,115716.0,4.60668
676,2025-09-13 12:35:17,115715.99,9.48101,115716.0,4.60455
677,2025-09-13 12:35:17,115715.99,9.48101,115716.0,4.60667
678,2025-09-13 12:35:18,115715.99,9.48101,115716.0,4.98917
679,2025-09-13 12:35:18,115715.99,9.48101,115716.0,4.94
680,2025-09-13 12:35:18,115715.99,9.48069,115716.0,4.94
681,2025-09-13 12:35:18,115715.99,9.48069,115716.0,4.5575
682,2025-09-13 12:35:18,115715.99,9.9992,115716.0,4.5575
683,2025-09-13 12:35:18,115715.99,9.99915,115716.0,4.5575
684,2025-09-13 12:35:18,115715.99,9.48064,115716.0,4.5575
685,2025-09-13 12:35:18,115715.99,9.48069,115716.0,4.5575
686,2025-09-13 12:35:18,115715.99,9.48074,115716.0,4.5575
687,2025-09-13 12:35:18,115715.99,9.48069,115716.0,4.5575
688,2025-09-13 12:35:18,115715.99,9.48074,115716.0,4.5575
689,2025-09-13 12:35:19,115715.99,9.48074,115716.0,4.94
690,2025-09-13 12:35:19,115715.99,9.48061,115716.0,4.94
691,2025-09-13 12:35:19,115715.99,9.48061,115716.0,4.93788
692,2025-09-13 12:35:19,115715.99,9.48061,115716.0,4.94001
693,2025-09-13 12:35:19,115715.99,9.48061,115716.0,4.93901
694,2025-09-13 12:35:19,115715.99,9.48056,115716.0,4.93901
695,2025-09-13 12:35:19,115715.99,9.48038,115716.0,4.93901
696,2025-09-13 12:35:19,115715.99,9.48058,115716.0,4.93901
697,2025-09-13 12:35:19,115715.99,9.48058,115716.0,4.93896
698,2025-09-13 12:35:19,115715.99,9.48058,115716.0,4.93901
699,2025-09-13 12:35:19,115715.99,9.13491,115716.0,4.93901
700,2025-09-13 12:35:19,115715.99,9.13491,115716.0,4.55651
701,2025-09-13 12:35:19,115715.99,9.13491,115716.0,4.50651
702,2025-09-13 12:35:19,115715.99,9.65342,115716.0,4.50651
703,2025-09-13 12:35:19,115715.99,9.65337,115716.0,4.50651
704,2025-09-13 12:35:20,115715.99,9.65337,115716.0,4.50656
705,2025-09-13 12:35:20,115715.99,9.65337,115716.0,4.4997
706,2025-09-13 12:35:20,115715.99,9.65303,115716.0,4.4997
707,2025-09-13 12:35:20,115715.99,9.13452,115716.0,4.4997
708,2025-09-13 12:35:20,115715.99,9.13457,115716.0,4.4997
709,2025-09-13 12:35:20,115715.99,9.13377,115716.0,4.4997
710,2025-09-13 12:35:20,115715.99,9.13377,115716.0,4.49965
711,2025-09-13 12:35:20,115715.99,9.13407,115716.0,4.49965
712,2025-09-13 12:35:20,115715.99,9.13407,115716.0,4.49959
713,2025-09-13 12:35:20,115715.99,9.13402,115716.0,4.49959
714,2025-09-13 12:35:21,115715.99,9.13402,115716.0,4.54876
715,2025-09-13 12:35:21,115715.99,9.13402,115716.0,4.59876
716,2025-09-13 12:35:21,115715.99,9.13316,115716.0,4.59876
717,2025-09-13 12:35:21,115715.99,9.13316,115716.0,4.59872
718,2025-09-13 12:35:21,115715.99,9.13316,115716.0,4.59878
719,2025-09-13 12:35:21,115715.99,9.13266,115716.0,4.59878
720,2025-09-13 12:35:21,115715.99,9.13236,115716.0,4.59878
721,2025-09-13 12:35:21,115715.99,9.13265,115716.0,4.59878
722,2025-09-13 12:35:22,115715.99,9.13265,115716.0,4.59825
723,2025-09-13 12:35:22,115715.99,9.13265,115716.0,4.59802
724,2025-09-13 12:35:22,115715.99,9.13265,115716.0,4.59589
725,2025-09-13 12:35:22,115715.99,9.13265,115716.0,4.59804
726,2025-09-13 12:35:22,115715.99,9.15728,115716.0,4.59804
727,2025-09-13 12:35:22,115715.99,9.15728,115716.0,4.98054
728,2025-09-13 12:35:22,115715.99,9.15728,115716.0,4.98059
729,2025-09-13 12:35:22,115715.99,9.15728,115716.0,4.98064
730,2025-09-13 12:35:22,115715.99,9.15711,115716.0,4.98064
731,2025-09-13 12:35:22,115715.99,9.15111,115716.0,4.98064
732,2025-09-13 12:35:23,115715.99,9.15111,115716.0,4.98019
733,2025-09-13 12:35:23,115715.99,9.15111,115716.0,4.98024
734,2025-09-13 12:35:23,115715.99,9.15111,115716.0,4.8365
735,2025-09-13 12:35:23,115715.99,9.15111,115716.0,4.454
736,2025-09-13 12:35:23,115715.99,9.15111,115716.0,5.2372
737,2025-09-13 12:35:23,115715.99,9.15111,115716.0,5.2603
738,2025-09-13 12:35:23,115715.99,9.15111,115716.0,5.2103
739,2025-09-13 12:35:23,115715.99,9.66962,115716.0,5.2103
740,2025-09-13 12:35:23,115715.99,9.66957,115716.0,5.2103
741,2025-09-13 12:35:23,115715.99,9.66957,115716.0,5.21025
742,2025-09-13 12:35:23,115715.99,9.66957,115716.0,5.2103
743,2025-09-13 12:35:23,115715.99,9.66957,115716.0,5.21016
744,2025-09-13 12:35:23,115715.99,9.66957,115716.0,5.21021
745,2025-09-13 12:35:23,115715.99,9.66957,115716.0,5.21026
746,2025-09-13 12:35:23,115715.99,9.15106,115716.0,5.21026
747,2025-09-13 12:35:23,115715.99,9.17416,115716.0,5.21026
748,2025-09-13 12:35:24,115715.99,9.17416,115716.0,5.21021
749,2025-09-13 12:35:24,115715.99,9.17421,115716.0,5.21021
750,2025-09-13 12:35:24,115715.99,9.17426,115716.0,5.21021
751,2025-09-13 12:35:24,115715.99,9.17426,115716.0,5.59271
752,2025-09-13 12:35:24,115715.99,9.17426,115716.0,5.58992
753,2025-09-13 12:35:24,115715.99,9.17426,115716.0,5.58987
754,2025-09-13 12:35:24,115715.99,9.17421,115716.0,5.58987
755,2025-09-13 12:35:24,115715.99,9.14343,115716.0,5.58987
756,2025-09-13 12:35:24,115715.99,9.1188,115716.0,5.58987
757,2025-09-13 12:35:24,115715.99,9.11535,115716.0,5.58987
758,2025-09-13 12:35:24,115715.99,9.1119,115716.0,5.58987
759,2025-09-13 12:35:24,115715.99,9.1119,115716.0,5.63987
760,2025-09-13 12:35:24,115715.99,9.11535,115716.0,5.63987
761,2025-09-13 12:35:24,115715.99,9.1188,115716.0,5.63987
762,2025-09-13 12:35:24,115715.99,9.14343,115716.0,5.63987
763,2025-09-13 12:35:24,115715.99,9.1188,115716.0,5.63987
764,2025-09-13 12:35:24,115715.99,9.11535,115716.0,5.63987
765,2025-09-13 12:35:24,115715.99,9.1119,115716.0,5.63987
766,2025-09-13 12:35:24,115715.99,9.13653,115716.0,5.63987
767,2025-09-13 12:35:24,115715.99,9.13998,115716.0,5.63987
768,2025-09-13 12:35:24,115715.99,9.14343,115716.0,5.63987
769,2025-09-13 12:35:24,115715.99,9.66194,115716.0,5.63987
770,2025-09-13 12:35:24,115715.99,9.66194,115716.0,5.63982
771,2025-09-13 12:35:24,115715.99,9.66189,115716.0,5.63982
772,2025-09-13 12:35:25,115715.99,9.14338,115716.0,5.63982
773,2025-09-13 12:35:25,115715.99,9.14343,115716.0,5.63982
774,2025-09-13 12:35:25,115715.99,9.14338,115716.0,5.63982
775,2025-09-13 12:35:25,115715.99,9.14338,115716.0,5.59065
776,2025-09-13 12:35:25,115715.99,9.14338,115716.0,5.59115
777,2025-09-13 12:35:25,115715.99,9.14318,115716.0,5.59115
778,2025-09-13 12:35:25,115715.99,9.14318,115716.0,5.5911
779,2025-09-13 12:35:25,115715.99,9.14318,115716.0,5.59115
780,2025-09-13 12:35:25,115715.99,9.14318,115716.0,5.58596
781,2025-09-13 12:35:25,115715.99,9.66169,115716.0,5.58596
782,2025-09-13 12:35:25,115715.99,9.65819,115716.0,5.58596
783,2025-09-13 12:35:25,115715.99,9.66155,115716.0,5.58596
784,2025-09-13 12:35:25,115715.99,9.14304,115716.0,5.58596
785,2025-09-13 12:35:25,115715.99,9.14304,115716.0,5.55333
786,2025-09-13 12:35:25,115715.99,9.14304,115716.0,5.55118
787,2025-09-13 12:35:25,115715.99,9.14304,115716.0,5.55329
788,2025-09-13 12:35:25,115715.99,8.94799,115716.0,5.55329
789,2025-09-13 12:35:25,115715.99,9.14304,115716.0,5.55329
790,2025-09-13 12:35:25,115715.99,9.14304,115716.0,5.63668
791,2025-09-13 12:35:25,115715.99,9.14309,115716.0,5.63668
792,2025-09-13 12:35:25,115715.99,9.14309,115716.0,5.44163
793,2025-09-13 12:35:25,115715.99,9.14309,115716.0,5.44158
794,2025-09-13 12:35:25,115715.99,9.14304,115716.0,5.44158
795,2025-09-13 12:35:25,115715.99,9.14304,115716.0,5.44153
796,2025-09-13 12:35:25,115715.99,9.66155,115716.0,5.44153
797,2025-09-13 12:35:25,115715.99,9.14304,115716.0,5.44153
798,2025-09-13 12:35:25,115715.99,9.14304,115716.0,5.44144
799,2025-09-13 12:35:26,115715.99,9.13448,115716.0,5.44144
800,2025-09-13 12:35:26,115715.99,9.13347,115716.0,5.44144
